,date,unit_sales,rolling_mean_14,year,month,day,dayofweek
0,2013-01-02,295729.012,,2013,1,2,2
1,2013-01-03,203589.568,,2013,1,3,3
2,2013-01-04,203090.766,,2013,1,4,4
3,2013-01-05,280222.42,,2013,1,5,5
4,2013-01-06,320453.744,,2013,1,6,6
5,2013-01-07,190027.84,,2013,1,7,0
6,2013-01-08,180195.921,,2013,1,8,1
7,2013-01-09,168336.198,,2013,1,9,2
8,2013-01-10,141711.915,,2013,1,10,3
9,2013-01-11,162328.716,,2013,1,11,4
10,2013-01-12,225427.337,,2013,1,12,5
11,2013-01-13,275275.218,,2013,1,13,6
12,2013-01-14,160367.365,,2013,1,14,0
13,2013-01-15,159114.983,,2013,1,15,1
14,2013-01-16,181978.945,,2013,1,16,2
15,2013-01-17,144026.85,,2013,1,17,3
16,2013-01-18,168729.075,,2013,1,18,4
17,2013-01-19,246343.092,,2013,1,19,5
18,2013-01-20,279235.722,,2013,1,20,6
19,2013-01-21,172194.44,,2013,1,21,0
20,2013-01-22,167354.667,,2013,1,22,1
21,2013-01-23,156707.452,,2013,1,23,2
22,2013-01-24,129558.105,,2013,1,24,3
23,2013-01-25,160122.812,,2013,1,25,4
24,2013-01-26,236108.045,,2013,1,26,5
25,2013-01-27,257128.008,,2013,1,27,6
26,2013-01-28,153349.835,,2013,1,28,0
27,2013-01-29,140615.781,211847.9287857143,2013,1,29,1
28,2013-01-30,152553.029,203722.92399999997,2013,1,30,2
29,2013-01-31,142726.375,199468.44414285713,2013,1,31,3
30,2013-02-01,207115.827,197014.03764285715,2013,2,1,4
31,2013-02-02,292709.74,194594.08564285716,2013,2,2,5
32,2013-02-03,290047.969,191649.94121428573,2013,2,3,6
33,2013-02-04,185992.256,190376.1269285714,2013,2,4,0
34,2013-02-05,175806.423,189458.89449999997,2013,2,5,1
35,2013-02-06,175253.955,188628.26978571428,2013,2,6,2
36,2013-02-07,150018.601,187760.14049999998,2013,2,7,3
37,2013-02-08,179408.106,187602.5759285714,2013,2,8,4
38,2013-02-09,204662.061,188365.48364285714,2013,2,9,5
39,2013-02-10,160380.848,187069.25435714287,2013,2,10,6
40,2013-02-11,161512.997,186568.00221428572,2013,2,11,0
41,2013-02-12,187164.949,185246.63064285714,2013,2,12,1
42,2013-02-13,162443.478,183144.7795,2013,2,13,2
43,2013-02-14,171499.922,183051.88842857143,2013,2,14,3
44,2013-02-15,171295.924,185793.79928571428,2013,2,15,4
45,2013-02-16,275560.712,189105.70271428573,2013,2,16,5
46,2013-02-17,239514.323,189878.00607142856,2013,2,17,6
47,2013-02-18,195438.448,190863.56435714287,2013,2,18,0
48,2013-02-19,154426.471,191467.2612142857,2013,2,19,1
49,2013-02-20,170666.463,192792.01142857145,2013,2,20,2
50,2013-02-21,139109.971,194253.47542857143,2013,2,21,3
51,2013-02-22,152416.938,195630.99642857144,2013,2,22,4
52,2013-02-23,228308.072,193384.85471428567,2013,2,23,5
53,2013-02-24,271929.531,186474.34328571428,2013,2,24,6
54,2013-02-25,164708.171,187057.4262857143,2013,2,25,0
55,2013-02-26,141273.558,190382.36685714286,2013,2,26,1
56,2013-02-27,153640.955,191088.82749999998,2013,2,27,2
57,2013-02-28,144934.945,193144.08085714284,2013,2,28,3
58,2013-03-01,204608.291,190585.51635714286,2013,3,1,4
59,2013-03-02,318793.851,189360.58578571427,2013,3,2,5
60,2013-03-03,342940.572,185751.03964285713,2013,3,3,6
61,2013-03-04,213236.671,186425.76764285713,2013,3,4,0
62,2013-03-05,183424.686,184898.6282142857,2013,3,5,1
63,2013-03-06,187903.68,184570.9502142857,2013,3,6,2
64,2013-03-07,159036.703,183791.76235714284,2013,3,7,3
65,2013-03-08,174891.865,181863.82178571427,2013,3,8,4
66,2013-03-09,257788.827,183552.82257142858,2013,3,9,5
67,2013-03-10,281093.077,191520.58564285716,2013,3,10,6
68,2013-03-11,171353.653,191748.81235714286,2013,3,11,0
69,2013-03-12,149579.267,188470.85585714286,2013,3,12,1
70,2013-03-13,157970.506,187842.1042142857,2013,3,13,2
71,2013-03-14,130467.718,185944.60585714286,2013,3,14,3
72,2013-03-15,166216.645,188324.06064285713,2013,3,15,4
73,2013-03-16,270102.708,191412.142,2013,3,16,5
74,2013-03-17,315071.774,198799.73121428574,2013,3,17,6
75,2013-03-18,174242.721,200071.03285714285,2013,3,18,0
76,2013-03-19,153871.252,202142.3339285714,2013,3,19,1
77,2013-03-20,170003.548,203373.5637142857,2013,3,20,2
78,2013-03-21,143885.038,204796.9017142857,2013,3,21,3
79,2013-03-22,160400.102,206402.25364285713,2013,3,22,4
80,2013-03-23,260739.11,208508.02185714286,2013,3,23,5
81,2013-03-24,267883.417,209162.56085714285,2013,3,24,6
82,2013-03-25,168609.587,209637.23814285712,2013,3,25,0
83,2013-03-26,139466.78,210230.50307142857,2013,3,26,1
84,2013-03-27,170417.367,210539.75671428573,2013,3,27,2
85,2013-03-28,174677.142,209506.38335714285,2013,3,28,3
86,2013-03-29,192056.387,206764.12292857142,2013,3,29,4
87,2013-03-30,258258.0,203286.18414285715,2013,3,30,5
88,2013-03-31,283719.952,201295.5557142857,2013,3,31,6
89,2013-04-01,236272.743,198510.27357142855,2013,4,1,0
90,2013-04-02,204115.335,196399.314,2013,4,2,1
91,2013-04-03,207384.442,195120.73314285715,2013,4,3,2
92,2013-04-04,165979.586,194038.47135714281,2013,4,4,3
93,2013-04-05,184859.662,193003.34542857143,2013,4,5,4
94,2013-04-06,295300.225,193214.07992857142,2013,4,6,5
95,2013-04-07,319011.945,192270.53278571428,2013,4,7,6
96,2013-04-08,187055.781,192074.5280714286,2013,4,8,0
97,2013-04-09,157063.883,191352.20757142856,2013,4,9,1
98,2013-04-10,171564.019,192241.26907142857,2013,4,10,2
99,2013-04-11,159384.002,195399.0850714286,2013,4,11,3
100,2013-04-12,168647.33,197244.78092857145,2013,4,12,4
101,2013-04-13,255087.126,196398.73035714283,2013,4,13,5
102,2013-04-14,287812.282,194159.3145,2013,4,14,6
103,2013-04-15,186163.817,198590.03035714288,2013,4,15,0
104,2013-04-16,184007.469,202178.89342857143,2013,4,16,1
105,2013-04-17,178781.514,204848.95728571428,2013,4,17,2
106,2013-04-18,144918.285,206427.1392857143,2013,4,18,3
107,2013-04-19,165617.752,208174.2507142857,2013,4,19,4
108,2013-04-20,259358.878,210642.9017857143,2013,4,20,5
109,2013-04-21,298398.509,214294.9395,2013,4,21,6
110,2013-04-22,179268.073,215612.52478571425,2013,4,22,0
111,2013-04-23,161855.613,216869.4607142857,2013,4,23,1
112,2013-04-24,173073.763,216951.36442857143,2013,4,24,2
113,2013-04-25,142586.018,215858.9972857143,2013,4,25,3
114,2013-04-26,162613.269,214186.9217857143,2013,4,26,4
115,2013-04-27,247248.157,213960.43078571427,2013,4,27,5
116,2013-04-28,287706.02,214252.74007142856,2013,4,28,6
117,2013-04-29,168415.561,210673.5310714286,2013,4,29,0
118,2013-04-30,164938.686,209237.25492857143,2013,4,30,1
119,2013-05-01,291664.582,207194.18864285716,2013,5,1,2
120,2013-05-02,183673.848,205689.81,2013,5,2,3
121,2013-05-03,204754.291,204315.38785714286,2013,5,3,4
122,2013-05-04,296029.631,201748.1487857143,2013,5,4,5
123,2013-05-05,334092.572,200275.7605,2013,5,5,6
124,2013-05-06,200069.392,199719.49564285716,2013,5,6,0
125,2013-05-07,169553.404,200061.7620714286,2013,5,7,1
126,2013-05-08,186320.35,200169.6009285714,2013,5,8,2
127,2013-05-09,158525.613,198969.74492857142,2013,5,9,3
128,2013-05-10,180197.847,198538.74057142856,2013,5,10,4
129,2013-05-11,278930.742,197978.81421428573,2013,5,11,5
130,2013-05-12,204511.652,197971.2240714286,2013,5,12,6
131,2013-05-13,184726.563,196703.4915,2013,5,13,0
132,2013-05-14,158632.846,195341.43557142856,2013,5,14,1
133,2013-05-15,176246.446,203404.51185714285,2013,5,15,2
134,2013-05-16,164541.515,206172.7663571429,2013,5,16,3
135,2013-05-17,179315.604,208968.2334285714,2013,5,17,4
136,2013-05-18,259762.669,211587.5729285714,2013,5,18,5
137,2013-05-19,288340.089,214137.14885714286,2013,5,19,6
138,2013-05-20,182943.784,215622.95735714285,2013,5,20,0
139,2013-05-21,160939.794,216172.7995714286,2013,5,21,1
140,2013-05-22,162710.067,217118.98435714282,2013,5,22,2
141,2013-05-23,151980.187,218257.52685714286,2013,5,23,3
142,2013-05-24,212029.679,219513.56814285714,2013,5,24,4
143,2013-05-25,225014.587,221776.60992857142,2013,5,25,5
144,2013-05-26,244417.121,215834.15507142857,2013,5,26,6
145,2013-05-27,168535.925,216999.22664285713,2013,5,27,0
146,2013-05-28,153041.611,216548.8095,2013,5,28,1
147,2013-05-29,163979.484,208304.65692857144,2013,5,29,2
148,2013-05-30,154246.406,206938.06171428572,2013,5,30,3
149,2013-05-31,182009.025,205121.01264285715,2013,5,31,4
150,2013-06-01,309001.068,202530.51535714287,2013,6,1,5
151,2013-06-02,360210.317,199262.48085714286,2013,6,2,6
152,2013-06-03,235576.539,198039.22314285714,2013,6,3,0
153,2013-06-04,201527.809,197423.96528571428,2013,6,4,1
154,2013-06-05,202768.35,195737.51649999997,2013,6,5,2
155,2013-06-06,174889.542,195269.98607142855,2013,6,6,3
156,2013-06-07,200909.043,197543.68835714282,2013,6,7,4
157,2013-06-08,256238.056,193692.5344285714,2013,6,8,5
158,2013-06-09,296205.958,196542.92507142856,2013,6,9,6
159,2013-06-10,186272.24,195386.45092857143,2013,6,10,0
160,2013-06-11,143842.373,194987.07700000002,2013,6,11,1
161,2013-06-12,176916.827,194110.86542857141,2013,6,12,2
162,2013-06-13,151076.289,193375.5005,2013,6,13,3
163,2013-06-14,178992.402,193567.8877142857,2013,6,14,4
164,2013-06-15,272153.172,197084.91621428568,2013,6,15,5
165,2013-06-16,241125.992,202218.50392857144,2013,6,16,6
166,2013-06-17,201064.975,205977.98642857143,2013,6,17,0
167,2013-06-18,170286.203,208877.13035714283,2013,6,18,1
168,2013-06-19,173601.701,211738.4362857143,2013,6,19,2
169,2013-06-20,155317.899,213374.81878571428,2013,6,20,3
170,2013-06-21,174953.885,212580.48764285716,2013,6,21,4
171,2013-06-22,240059.824,214810.73542857144,2013,6,22,5
172,2013-06-23,287112.452,218509.93807142857,2013,6,23,6
173,2013-06-24,177524.457,219776.81771428572,2013,6,24,0
174,2013-06-25,159664.643,219119.72928571425,2013,6,25,1
175,2013-06-26,161108.872,220043.8252142857,2013,6,26,2
176,2013-06-27,139012.169,219817.3882857143,2013,6,27,3
177,2013-06-28,175245.951,219601.91521428572,2013,6,28,4
178,2013-06-29,273946.47,216969.92264285716,2013,6,29,5
179,2013-06-30,299925.094,208463.8994285714,2013,6,30,6
180,2013-07-01,235941.129,205998.78771428572,2013,7,1,0
181,2013-07-02,211177.181,203767.24442857146,2013,7,2,1
182,2013-07-03,209939.88,201683.91235714286,2013,7,3,2
183,2013-07-04,171387.027,200285.93785714285,2013,7,4,3
184,2013-07-05,194048.43,198431.998,2013,7,5,4
185,2013-07-06,259364.52,197276.40999999997,2013,7,6,5
186,2013-07-07,274718.253,196626.87385714287,2013,7,7,6
187,2013-07-08,199214.419,196002.03221428572,2013,7,8,0
188,2013-07-09,166980.202,197132.19435714287,2013,7,9,1
189,2013-07-10,168503.43,196003.05471428574,2013,7,10,2
190,2013-07-11,149459.987,195141.33185714282,2013,7,11,3
191,2013-07-12,169658.027,194873.72821428571,2013,7,12,4
192,2013-07-13,233364.266,195001.82092857145,2013,7,13,5
193,2013-07-14,236538.184,199201.7567857143,2013,7,14,6
194,2013-07-15,184880.988,201692.91064285714,2013,7,15,0
195,2013-07-16,179816.762,204613.6947857143,2013,7,16,1
196,2013-07-17,176501.136,207209.279,2013,7,17,2
197,2013-07-18,149853.168,208357.07385714285,2013,7,18,3
198,2013-07-19,170903.764,209720.96992857143,2013,7,19,4
199,2013-07-20,234392.494,211099.87678571427,2013,7,20,5
200,2013-07-21,234081.133,210214.57685714285,2013,7,21,6
201,2013-07-22,182236.273,211763.85985714284,2013,7,22,0
202,2013-07-23,168174.458,212286.39978571425,2013,7,23,1
203,2013-07-24,167995.552,212814.5825,2013,7,24,2
204,2013-07-25,152376.174,213560.85521428572,2013,7,25,3
205,2013-07-26,169624.02,213161.71778571428,2013,7,26,4
206,2013-07-27,226027.725,210262.9889285714,2013,7,27,5
207,2013-07-28,232355.733,205735.3525,2013,7,28,6
208,2013-07-29,173781.147,202088.1995714286,2013,7,29,0
209,2013-07-30,167061.518,199848.16964285713,2013,7,30,1
210,2013-07-31,188347.795,197459.68792857142,2013,7,31,2
211,2013-08-01,213040.267,195921.55514285716,2013,8,1,3
212,2013-08-02,213504.514,194268.36471428574,2013,8,2,4
213,2013-08-03,273747.503,192484.64857142858,2013,8,3,5
214,2013-08-04,280343.442,189581.99714285714,2013,8,4,6
215,2013-08-05,217199.308,188369.27242857145,2013,8,5,0
216,2013-08-06,183862.003,188454.57642857145,2013,8,6,1
217,2013-08-07,187921.181,188418.29942857142,2013,8,7,2
218,2013-08-08,156367.929,188626.5985,2013,8,8,3
219,2013-08-09,180083.815,188624.16942857142,2013,8,9,4
220,2013-08-10,215132.611,188100.1307857143,2013,8,10,5
221,2013-08-11,226797.059,187801.38428571427,2013,8,11,6
222,2013-08-12,176856.598,187008.5385,2013,8,12,0
223,2013-08-13,163198.689,186097.44964285713,2013,8,13,1
224,2013-08-14,176780.05,186943.63957142856,2013,8,14,2
225,2013-08-15,161334.383,191457.00378571427,2013,8,15,3
226,2013-08-16,191634.652,194499.91449999998,2013,8,16,4
227,2013-08-17,230432.174,197310.98657142857,2013,8,17,5
228,2013-08-18,242612.494,200615.43721428575,2013,8,18,6
229,2013-08-19,186060.891,203112.79685714285,2013,8,19,0
230,2013-08-20,176020.897,204233.33578571427,2013,8,20,1
231,2013-08-21,177525.654,205656.595,2013,8,21,2
232,2013-08-22,154027.628,205941.72035714285,2013,8,22,3
233,2013-08-23,181435.441,206688.84857142856,2013,8,23,4
234,2013-08-24,218459.942,205910.62614285713,2013,8,24,5
235,2013-08-25,237415.993,205513.578,2013,8,25,6
236,2013-08-26,182193.903,205733.25307142857,2013,8,26,0
237,2013-08-27,163390.682,205457.33671428572,2013,8,27,1
238,2013-08-28,174439.659,204631.06921428573,2013,8,28,2
239,2013-08-29,155248.017,200937.79178571427,2013,8,29,3
240,2013-08-30,193553.059,199375.6587857143,2013,8,30,4
241,2013-08-31,286744.699,196281.7067142857,2013,8,31,5
242,2013-09-01,363859.867,193586.639,2013,9,1,6
243,2013-09-02,252897.263,191362.46635714287,2013,9,2,0
244,2013-09-03,215192.631,190802.38735714284,2013,9,3,1
245,2013-09-04,220780.554,190059.84971428572,2013,9,4,2
246,2013-09-05,179385.245,189892.68535714288,2013,9,5,3
247,2013-09-06,184501.841,189989.2300714286,2013,9,6,4
248,2013-09-07,292380.476,190226.89657142857,2013,9,7,5
249,2013-09-08,330931.585,190985.39185714285,2013,9,8,6
250,2013-09-09,206572.388,191366.62792857146,2013,9,9,0
251,2013-09-10,162668.799,191380.34171428572,2013,9,10,1
252,2013-09-11,174313.494,191213.17092857143,2013,9,11,2
253,2013-09-12,148100.385,190778.43050000002,2013,9,12,3
254,2013-09-13,173302.39,190915.45957142857,2013,9,13,4
255,2013-09-14,262767.386,194937.7827857143,2013,9,14,5
256,2013-09-15,303463.354,203598.30942857143,2013,9,15,6
257,2013-09-16,200209.952,208372.33599999998,2013,9,16,0
258,2013-09-17,167671.01,211170.317,2013,9,17,1
259,2013-09-18,168815.32,214259.95271428573,2013,9,18,2
260,2013-09-19,145906.981,216071.21107142858,2013,9,19,3
261,2013-09-20,181093.862,216290.23964285714,2013,9,20,4
262,2013-09-21,258934.669,221570.27778571428,2013,9,21,5
263,2013-09-22,287031.443,228249.96292857142,2013,9,22,6
264,2013-09-23,194037.181,229991.28328571428,2013,9,23,0
265,2013-09-24,162413.177,229939.7202142857,2013,9,24,1
266,2013-09-25,169430.595,229930.70842857144,2013,9,25,2
267,2013-09-26,144544.238,229420.16328571428,2013,9,26,3
268,2013-09-27,174951.616,227973.68692857143,2013,9,27,4
269,2013-09-28,268438.587,226261.0217142857,2013,9,28,5
270,2013-09-29,314075.384,221946.9850714286,2013,9,29,6
271,2013-09-30,194562.033,218183.60571428575,2013,9,30,0
272,2013-10-01,242248.994,214789.20421428574,2013,10,1,1
273,2013-10-02,235677.099,211077.4017857143,2013,10,2,2
274,2013-10-03,189503.976,208686.09721428572,2013,10,3,3
275,2013-10-04,213691.526,208442.67014285715,2013,10,4,4
276,2013-10-05,315615.855,206053.68392857144,2013,10,5,5
277,2013-10-06,347002.706,202917.95950000003,2013,10,6,6
278,2013-10-07,202579.133,202022.5875714286,2013,10,7,0
279,2013-10-08,169828.791,202004.32885714286,2013,10,8,1
280,2013-10-09,174456.428,201655.55035714287,2013,10,9,2
281,2013-10-10,150898.799,201401.53985714287,2013,10,10,3
282,2013-10-11,216317.441,201519.34171428572,2013,10,11,4
283,2013-10-12,236797.041,201924.42750000002,2013,10,12,5
284,2013-10-13,268781.968,202682.4296428571,2013,10,13,6
285,2013-10-14,173211.523,202279.00685714287,2013,10,14,0
286,2013-10-15,156453.368,207606.0057142857,2013,10,15,1
287,2013-10-16,190556.734,212381.84707142858,2013,10,16,2
288,2013-10-17,173118.108,215495.91814285718,2013,10,17,3
289,2013-10-18,175914.819,217824.3227142857,2013,10,18,4
290,2013-10-19,277596.222,221872.97885714285,2013,10,19,5
291,2013-10-20,314315.857,226156.6405,2013,10,20,6
292,2013-10-21,185567.917,226766.7799285714,2013,10,21,0
293,2013-10-22,155574.631,227296.46664285715,2013,10,22,1
294,2013-10-23,178526.47,227655.4547142857,2013,10,23,2
295,2013-10-24,149790.908,228109.35192857144,2013,10,24,3
296,2013-10-25,174042.971,231064.05371428575,2013,10,25,4
297,2013-10-26,252585.51,228803.94328571428,2013,10,26,5
298,2013-10-27,292156.926,225568.69928571428,2013,10,27,6
299,2013-10-28,180261.223,224043.66285714283,2013,10,28,0
300,2013-10-29,155053.003,217915.40385714287,2013,10,29,1
301,2013-10-30,171198.714,214692.52064285713,2013,10,30,2
302,2013-10-31,157374.353,213522.10149999996,2013,10,31,3
303,2013-11-01,220156.568,210823.7652857143,2013,11,1,4
304,2013-11-02,317120.578,208108.07721428573,2013,11,2,5
305,2013-11-03,365923.317,205773.30228571428,2013,11,3,6
306,2013-11-04,231852.932,204558.21542857145,2013,11,4,0
307,2013-11-05,210792.889,203540.06114285713,2013,11,5,1
308,2013-11-06,217050.116,203830.77842857144,2013,11,6,2
309,2013-11-07,195634.825,203751.64335714284,2013,11,7,3
310,2013-11-08,199393.833,200732.03835714285,2013,11,8,4
311,2013-11-09,295660.19,201859.78614285713,2013,11,9,5
312,2013-11-10,351170.337,203529.42599999998,2013,11,10,6
313,2013-11-11,202081.331,204032.976,2013,11,11,0
314,2013-11-12,217232.078,203932.9499285714,2013,11,12,1
315,2013-11-13,183129.981,202550.2342142857,2013,11,13,2
316,2013-11-14,152839.988,201425.6802857143,2013,11,14,3
317,2013-11-15,196423.964,204585.8052142857,2013,11,15,4
318,2013-11-16,300150.208,207408.9735,2013,11,16,5
319,2013-11-17,341845.464,211095.22064285717,2013,11,17,6
320,2013-11-18,212135.515,214401.29314285712,2013,11,18,0
321,2013-11-19,176919.997,218345.45442857145,2013,11,19,1
322,2013-11-20,198338.848,221097.14342857143,2013,11,20,2
323,2013-11-21,158950.656,224371.70892857146,2013,11,21,3
324,2013-11-22,190590.193,226182.48478571424,2013,11,22,4
325,2013-11-23,277213.623,229259.24764285717,2013,11,23,5
326,2013-11-24,327055.315,233474.4912857143,2013,11,24,6
327,2013-11-25,201663.099,235033.07042857146,2013,11,25,0
328,2013-11-26,180773.761,239474.43292857145,2013,11,26,1
329,2013-11-27,191483.014,240326.6662857143,2013,11,27,2
330,2013-11-28,160652.648,240002.78307142857,2013,11,28,3
331,2013-11-29,200360.184,238307.59707142858,2013,11,29,4
332,2013-11-30,304130.1,237095.4277857143,2013,11,30,5
333,2013-12-01,417991.533,235375.58114285715,2013,12,1,6
334,2013-12-02,286339.713,233967.19421428573,2013,12,2,0
335,2013-12-03,239391.081,231547.70192857142,2013,12,3,1
336,2013-12-04,233604.715,230211.18278571428,2013,12,4,2
337,2013-12-05,203505.695,227590.88499999998,2013,12,5,3
338,2013-12-06,262485.955,226962.0535714286,2013,12,6,4
339,2013-12-07,300972.377,225644.44164285713,2013,12,7,5
340,2013-12-08,339150.199,223921.94007142857,2013,12,8,6
341,2013-12-09,241506.497,223892.0663571429,2013,12,9,0
342,2013-12-10,226232.883,221287.90085714287,2013,12,10,1
343,2013-12-11,243657.049,221884.54607142857,2013,12,11,2
344,2013-12-12,210166.857,222442.59321428573,2013,12,12,3
345,2013-12-13,248205.012,222723.75178571427,2013,12,13,4
346,2013-12-14,307204.368,223008.02978571426,2013,12,14,5
347,2013-12-15,370495.591,228447.03471428572,2013,12,15,6
348,2013-12-16,291406.673,233747.33457142857,2013,12,16,0
349,2013-12-17,266165.418,238209.55485714282,2013,12,17,1
350,2013-12-18,292669.52,240728.54535714287,2013,12,18,2
351,2013-12-19,268829.715,243911.04814285715,2013,12,19,3
352,2013-12-20,287619.011,249046.4597142857,2013,12,20,4
353,2013-12-21,378614.815,250743.51357142857,2013,12,21,5
354,2013-12-22,390248.918,251607.43385714287,2013,12,22,6
355,2013-12-23,441238.876,254453.39085714283,2013,12,23,0
356,2013-12-24,308525.576,257700.47099999996,2013,12,24,1
357,2013-12-26,247653.242,261427.18778571425,2013,12,26,3
358,2013-12-27,246254.849,264963.917,2013,12,27,4
359,2013-12-28,277737.994,268381.4047142857,2013,12,28,5
360,2013-12-29,267423.222,268600.9952857143,2013,12,29,6
361,2013-12-30,325572.877,265208.428,2013,12,30,0
362,2013-12-31,245851.506,265570.3537142857,2013,12,31,1
363,2014-01-02,454623.7492,267482.80635714286,2014,1,2,3
364,2014-01-03,390921.66359999997,271701.721,2014,1,3,4
365,2014-01-04,558225.808,276367.72242857143,2014,1,4,5
366,2014-01-05,577707.941,278162.9407142857,2014,1,5,6
367,2014-01-06,336957.471,283708.82914285717,2014,1,6,0
368,2014-01-07,306688.9024,287358.73764285713,2014,1,7,1
369,2014-01-08,374192.1913,301625.33614285715,2014,1,8,2
370,2014-01-09,280435.2231,307503.3856428572,2014,1,9,3
371,2014-01-10,315242.6245,307788.82800000004,2014,1,10,4
372,2014-01-11,455964.245,310366.5417142857,2014,1,11,5
373,2014-01-12,507938.91,312476.04042857146,2014,1,12,6
374,2014-01-13,306436.772,309634.52999999997,2014,1,13,0
375,2014-01-14,272132.2922,306425.76471428573,2014,1,14,1
376,2014-01-15,320974.542,303171.8242142857,2014,1,15,2
377,2014-01-16,278559.0324,316633.13358571427,2014,1,16,3
378,2014-01-17,311771.7493,323651.14384285716,2014,1,17,4
379,2014-01-18,454384.415,344322.29334285716,2014,1,18,5
380,2014-01-19,511658.695,365042.9312,2014,1,19,6
381,2014-01-20,322606.205,362067.4066285714,2014,1,20,0
382,2014-01-21,287608.2558,356098.83408571425,2014,1,21,1
383,2014-01-22,312773.471,351309.7851785714,2014,1,22,2
384,2014-01-23,254498.0667,349303.33139999997,2014,1,23,3
385,2014-01-24,298116.4527,354131.1444357143,2014,1,24,4
386,2014-01-25,416799.738,369110.3870071428,2014,1,25,5
387,2014-01-26,484780.943,385553.3095785714,2014,1,26,6
388,2014-01-27,293207.508,388339.9917214285,2014,1,27,0
389,2014-01-28,252230.2979,384522.80709285714,2014,1,28,1
390,2014-01-29,279751.2539,389888.7382357143,2014,1,29,2
391,2014-01-30,245032.2599,377312.6870357143,2014,1,30,3
392,2014-01-31,314599.4141,371659.1217285714,2014,1,31,4
393,2014-02-01,359003.843,364241.8793714285,2014,2,1,5
394,2014-02-02,347914.932,359524.0760857143,2014,2,2,6
395,2014-02-03,248675.827,358498.9856571429,2014,2,3,0
396,2014-02-04,212740.61,357136.0823285715,2014,2,4,1
397,2014-02-05,222748.187,352749.03087857144,2014,2,5,2
398,2014-02-06,195118.5689,350896.37685,2014,2,6,3
399,2014-02-07,215237.1506,349673.0788642857,2014,2,7,4
400,2014-02-08,288709.994,346875.61407857144,2014,2,8,5
401,2014-02-09,291912.018,345221.4735785714,2014,2,9,6
402,2014-02-10,214780.584,344276.52615,2014,2,10,0
403,2014-02-11,190911.333,342854.9551285714,2014,2,11,1
404,2014-02-12,218115.699,339910.43454999995,2014,2,12,2
405,2014-02-13,185759.6251,337515.66508571425,2014,2,13,3
406,2014-02-14,194920.339,337717.64114285714,2014,2,14,4
407,2014-02-15,299723.789,330904.74314285716,2014,2,15,5
408,2014-02-16,349557.297,319208.76007142855,2014,2,16,6
409,2014-02-17,225091.598,313928.0187857143,2014,2,17,0
410,2014-02-18,197138.174,308580.3298,2014,2,18,1
411,2014-02-19,194649.394,302149.9523714286,2014,2,19,2
412,2014-02-20,172836.1247,297908.5596714286,2014,2,20,3
413,2014-02-21,200975.2375,291988.6095214286,2014,2,21,4
414,2014-02-22,303630.518,282839.3420928572,2014,2,22,5
415,2014-02-23,279895.546,269062.99030714284,2014,2,23,6
416,2014-02-24,215983.005,263461.0671642857,2014,2,24,0
417,2014-02-25,186634.194,259081.14110000004,2014,2,25,1
418,2014-02-26,185339.347,254678.60146428572,2014,2,26,2
419,2014-02-27,166479.7177,250444.84183571427,2014,2,27,3
420,2014-02-28,214891.5435,241896.3364714286,2014,2,28,4
421,2014-03-01,466975.344,237662.0469,2014,3,1,5
422,2014-03-02,378817.037,237779.35868571425,2014,3,2,6
423,2014-03-03,377563.713,236094.77090000003,2014,3,3,0
424,2014-03-04,486721.0118,234980.3111857143,2014,3,4,1
425,2014-03-05,404282.3287,232973.25454285715,2014,3,5,2
426,2014-03-06,325030.6012,231381.6513857143,2014,3,6,3
427,2014-03-07,327308.6827,230362.94330714285,2014,3,7,4
428,2014-03-08,427084.849,231428.69502142858,2014,3,8,5
429,2014-03-09,565554.577,230570.37559285713,2014,3,9,6
430,2014-03-10,318134.857,230656.26280714286,2014,3,10,0
431,2014-03-11,293221.3185,230350.7528785714,2014,3,11,1
432,2014-03-12,325569.1909,228009.5848785714,2014,3,12,2
433,2014-03-13,248616.8892,226632.44863571427,2014,3,13,3
434,2014-03-14,286304.7482,228058.9632428571,2014,3,14,4
435,2014-03-15,402405.745,240005.50288571426,2014,3,15,5
436,2014-03-16,585996.36,242095.4843142857,2014,3,16,6
437,2014-03-17,336071.403,252986.34967142856,2014,3,17,0
438,2014-03-18,277349.9214,273670.83808571426,2014,3,18,1
439,2014-03-19,329708.3471,288644.61913571425,2014,3,19,2
440,2014-03-20,266605.1377,299515.65317142854,2014,3,20,3
441,2014-03-21,303154.8138,308539.4706857143,2014,3,21,4
442,2014-03-22,436575.275,317357.63718571427,2014,3,22,5
443,2014-03-23,515029.277,337761.8536857143,2014,3,23,6
444,2014-03-24,312253.275,345058.41454285715,2014,3,24,0
445,2014-03-25,291836.053,352671.78057857143,2014,3,25,1
446,2014-03-26,319645.3178,362688.198,2014,3,26,2
447,2014-03-27,246431.721,368555.1388214286,2014,3,27,3
448,2014-03-28,299572.28,373656.08201428567,2014,3,28,4
449,2014-03-29,474919.809,369043.9677999999,2014,3,29,5
450,2014-03-30,537973.928,383842.49087142857,2014,3,30,6
451,2014-03-31,356731.278,380878.7544428571,2014,3,31,0
452,2014-04-01,266655.37,365923.67655714287,2014,4,1,1
453,2014-04-02,262539.9,360596.9635857143,2014,4,2,2
454,2014-04-03,210212.2436,356423.7161928572,2014,4,3,3
455,2014-04-04,234077.961,354698.43984285713,2014,4,4,4
456,2014-04-05,360499.643,355376.32741428574,2014,4,5,5
457,2014-04-06,391430.031,351767.3774142857,2014,4,6,6
458,2014-04-07,235785.374,351347.2644142857,2014,4,7,0
459,2014-04-08,200439.143,351248.31687857135,2014,4,8,1
460,2014-04-09,207107.072,350825.1830857143,2014,4,9,2
461,2014-04-10,179564.8162,350669.0996428571,2014,4,10,3
462,2014-04-11,207437.5681,351616.7804857143,2014,4,11,4
463,2014-04-12,294193.056,356796.3564857143,2014,4,12,5
464,2014-04-13,328166.168,353366.18277142855,2014,4,13,6
465,2014-04-14,213259.584,354841.8881285714,2014,4,14,0
466,2014-04-15,194497.034,354077.99159999995,2014,4,15,1
467,2014-04-16,228350.739,349280.24537857145,2014,4,16,2
468,2014-04-17,209588.0505,345252.1815142857,2014,4,17,3
469,2014-04-18,228317.3306,340318.1206,2014,4,18,4
470,2014-04-19,286277.985,334884.1468857143,2014,4,19,5
471,2014-04-20,325499.912,326055.6293142857,2014,4,20,6
472,2014-04-21,224450.326,320593.6363857143,2014,4,21,0
473,2014-04-22,206040.545,314065.2856714286,2014,4,22,1
474,2014-04-23,213387.748,306026.8395428572,2014,4,23,2
475,2014-04-24,174390.1672,301250.63205714285,2014,4,24,3
476,2014-04-25,200521.0854,294669.58120714285,2014,4,25,4
477,2014-04-26,284943.86,281760.5274214286,2014,4,26,5
478,2014-04-27,347799.954,266774.25885,2014,4,27,6
479,2014-04-28,202841.253,256526.28070714284,2014,4,28,0
480,2014-04-29,178216.872,251372.11385000002,2014,4,29,1
481,2014-04-30,201036.855,248930.03092142855,2014,4,30,2
482,2014-05-01,312938.7797,248885.4457,2014,5,1,3
483,2014-05-02,256841.1264,248473.97209999998,2014,5,2,4
484,2014-05-03,354462.242,243172.42509999996,2014,5,3,5
485,2014-05-04,388678.421,238463.13088571426,2014,5,4,6
486,2014-05-05,240226.376,237653.48460000003,2014,5,5,0
487,2014-05-06,215634.86,238053.58474285714,2014,5,6,1
488,2014-05-07,228262.952,238502.20445714286,2014,5,7,2
489,2014-05-08,180997.2828,238132.58667142855,2014,5,8,3
490,2014-05-09,217686.7168,237638.55219285717,2014,5,9,4
491,2014-05-10,329386.052,236977.89533571427,2014,5,10,5
492,2014-05-11,254057.24,238380.3086214286,2014,5,11,6
493,2014-05-12,214727.907,237636.14212142857,2014,5,12,0
494,2014-05-13,199430.525,236473.27340714287,2014,5,13,1
495,2014-05-14,200960.76,234522.28169285716,2014,5,14,2
496,2014-05-15,186462.6032,241904.4766357143,2014,5,15,3
497,2014-05-16,221606.8142,243941.89062142858,2014,5,16,4
498,2014-05-17,305256.859,248812.19469285716,2014,5,17,5
499,2014-05-18,366941.79,253324.94533571432,2014,5,18,6
500,2014-05-19,218979.341,254451.80604999998,2014,5,19,0
501,2014-05-20,194091.355,255137.11426428572,2014,5,20,1
502,2014-05-21,202564.478,256199.62883571428,2014,5,21,2
503,2014-05-22,172168.51440000001,256671.56566428574,2014,5,22,3
504,2014-05-23,198758.9085,257897.68219285714,2014,5,23,4
505,2014-05-24,294026.196,261072.12447857144,2014,5,24,5
506,2014-05-25,330209.357,254376.2163357143,2014,5,25,6
507,2014-05-26,209109.962,255225.26305,2014,5,26,0
508,2014-05-27,178252.294,256740.52397857144,2014,5,27,1
509,2014-05-28,188956.296,256735.08862142856,2014,5,28,2
510,2014-05-29,164582.798,247701.0760142857,2014,5,29,3
511,2014-05-30,215933.9993,245184.33942857143,2014,5,30,4
512,2014-05-31,328741.784,241669.6692142857,2014,5,31,5
513,2014-06-01,420165.616,240117.0527142857,2014,6,1,6
514,2014-06-02,286595.968,238599.40735714286,2014,6,2,0
515,2014-06-03,248488.116,237060.58557142856,2014,6,3,1
516,2014-06-04,242031.0,235224.98028571432,2014,6,4,2
517,2014-06-05,198575.3418,234594.35397142856,2014,6,5,3
518,2014-06-06,228043.7699,233242.3676642857,2014,6,6,4
519,2014-06-07,313539.042,230716.6636642857,2014,6,7,5
520,2014-06-08,356917.092,236156.10059285717,2014,6,8,6
521,2014-06-09,226384.327,235754.81880714284,2014,6,9,0
522,2014-06-10,187654.622,234242.0880214286,2014,6,10,1
523,2014-06-11,211410.673,233384.62630714284,2014,6,11,2
524,2014-06-12,176699.396,231821.78307857146,2014,6,12,3
525,2014-06-13,226273.2767,231416.58201428573,2014,6,13,4
526,2014-06-14,354424.459,233094.07665714287,2014,6,14,5
527,2014-06-15,234532.9,236895.77851428572,2014,6,15,6
528,2014-06-16,246356.741,241725.53758571428,2014,6,16,0
529,2014-06-17,208371.887,245611.02051428572,2014,6,17,1
530,2014-06-18,212151.451,248430.0578,2014,6,18,2
531,2014-06-19,186038.913,250316.25975714283,2014,6,19,3
532,2014-06-20,210388.5789,252408.03557142857,2014,6,20,4
533,2014-06-21,301738.929,253801.81028571428,2014,6,21,5
534,2014-06-22,338590.913,255709.50564285714,2014,6,22,6
535,2014-06-23,235370.656,256943.38885714285,2014,6,23,0
536,2014-06-24,184942.379,257614.9837142857,2014,6,24,1
537,2014-06-25,197714.514,259218.8677857143,2014,6,25,2
538,2014-06-26,172952.272,260084.33907142858,2014,6,26,3
539,2014-06-27,212528.0997,260822.8588857143,2014,6,27,4
540,2014-06-28,284781.021,262657.33567142853,2014,6,28,5
541,2014-06-29,316190.208,249397.85595714283,2014,6,29,6
542,2014-06-30,233687.129,246523.6254571429,2014,6,30,0
543,2014-07-01,390358.903,243658.1805285714,2014,7,1,1
544,2014-07-02,435676.2514,241523.92702857143,2014,7,2,2
545,2014-07-03,331150.04,240628.46782857142,2014,7,3,3
546,2014-07-04,342836.854,239367.38275714286,2014,7,4,4
547,2014-07-05,462897.627,238524.51754285715,2014,7,5,5
548,2014-07-06,531657.1,237215.50475714286,2014,7,6,6
549,2014-07-07,361722.135,237857.3854,2014,7,7,0
550,2014-07-08,301069.434,237663.65375714283,2014,7,8,1
551,2014-07-09,333436.055,236685.35668571427,2014,7,9,2
552,2014-07-10,273026.772,236417.70497142855,2014,7,10,3
553,2014-07-11,318345.459,235435.9066142857,2014,7,11,4
554,2014-07-12,429844.611,230461.37532857145,2014,7,12,5
555,2014-07-13,407904.172,236294.04018571432,2014,7,13,6
556,2014-07-14,326263.504,235389.06789999997,2014,7,14,0
557,2014-07-15,302181.764,248388.14047142857,2014,7,15,1
558,2014-07-16,358858.492,264354.1976428571,2014,7,16,2
559,2014-07-17,278758.788,274719.27814285713,2014,7,17,3
560,2014-07-18,315927.39,284179.8692214286,2014,7,18,4
561,2014-07-19,407710.313,295691.2047928571,2014,7,19,5
562,2014-07-20,433433.504,309481.64672142855,2014,7,20,6
563,2014-07-21,333514.651,318506.7523642857,2014,7,21,0
564,2014-07-22,290625.485,326801.54200714285,2014,7,22,1
565,2014-07-23,335551.287,336495.9377928571,2014,7,23,2
566,2014-07-24,262398.0,343644.1163642857,2014,7,24,3
567,2014-07-25,322425.312,351202.4991714285,2014,7,25,4
568,2014-07-26,380640.323,361564.18417142855,2014,7,26,5
569,2014-07-27,415452.056,368115.18159999995,2014,7,27,6
570,2014-07-28,312235.426,374727.7798142857,2014,7,28,0
571,2014-07-29,275212.909,368429.41274285706,2014,7,29,1
572,2014-07-30,319425.546,362942.42992857145,2014,7,30,2
573,2014-07-31,282369.338,359200.19764285715,2014,7,31,3
574,2014-08-01,278319.076,357278.09307142854,2014,8,1,4
575,2014-08-02,336446.558,353336.1420714286,2014,8,2,5
576,2014-08-03,339319.343,346320.17092857143,2014,8,3,6
577,2014-08-04,257058.567,344305.35064285714,2014,8,4,0
578,2014-08-05,226349.17799999999,343559.3542857143,2014,8,5,1
579,2014-08-06,222951.031,343710.44228571426,2014,8,6,2
580,2014-08-07,192848.903,342951.2442857143,2014,8,7,3
581,2014-08-08,221650.697,343242.66235714284,2014,8,8,4
582,2014-08-09,265441.779,339728.07035714283,2014,8,9,5
583,2014-08-10,275532.675,340267.2049285715,2014,8,10,6
584,2014-08-11,220751.172,339265.19935714285,2014,8,11,0
585,2014-08-12,184099.068,337338.85257142864,2014,8,12,1
586,2014-08-13,207125.793,334522.2135714285,2014,8,13,2
587,2014-08-14,185771.872,334780.11,2014,8,14,3
588,2014-08-15,225757.683,332093.8018571429,2014,8,15,4
589,2014-08-16,301434.199,327003.53364285716,2014,8,16,5
590,2014-08-17,318714.508,320281.0935714286,2014,8,17,6
591,2014-08-18,238550.215,314819.9447142857,2014,8,18,0
592,2014-08-19,205874.041,310228.7799285714,2014,8,19,1
593,2014-08-20,221518.825,302185.9045,2014,8,20,2
594,2014-08-21,192634.682,297218.1118571429,2014,8,21,3
595,2014-08-22,218886.4874,290019.9250714286,2014,8,22,4
596,2014-08-23,275824.677,281791.4576428571,2014,8,23,5
597,2014-08-24,292952.925,271797.21614285716,2014,8,24,6
598,2014-08-25,229953.992,265262.62657142855,2014,8,25,0
599,2014-08-26,189756.24,258754.49507142857,2014,8,26,1
600,2014-08-27,205388.07,250733.08414285714,2014,8,27,2
601,2014-08-28,180203.457,243833.26514285713,2014,8,28,3
602,2014-08-29,231358.612,240078.87992857143,2014,8,29,4
603,2014-08-30,332029.54,237577.99714285714,2014,8,30,5
604,2014-08-31,388435.401,236106.2232142857,2014,8,31,6
605,2014-09-01,467771.754,234784.19807142857,2014,9,1,0
606,2014-09-02,404275.853,233321.68828571428,2014,9,2,1
607,2014-09-03,430205.747,233219.38785714284,2014,9,3,2
608,2014-09-04,311039.166,233204.08635714283,2014,9,4,3
609,2014-09-05,354397.2819,233006.64281428567,2014,9,5,4
610,2014-09-06,522088.995,233748.2783857143,2014,9,6,5
611,2014-09-07,615118.739,234992.58195714283,2014,9,7,6
612,2014-09-08,369982.495,235649.92624285715,2014,9,8,0
613,2014-09-09,311301.828,236054.00995714287,2014,9,9,1
614,2014-09-10,356332.464,235929.88688571428,2014,9,10,2
615,2014-09-11,260318.994,235532.14295714285,2014,9,11,3
616,2014-09-12,314332.036,235932.20931428572,2014,9,12,4
617,2014-09-13,458306.609,238117.5908142857,2014,9,13,5
618,2014-09-14,538626.945,243097.6546,2014,9,14,6
619,2014-09-15,347236.153,259470.62167142858,2014,9,15,0
620,2014-09-16,330107.802,273642.1796714286,2014,9,16,1
621,2014-09-17,357889.88,288548.3883857143,2014,9,17,2
622,2014-09-18,259354.598,297005.85152857145,2014,9,18,3
623,2014-09-19,304713.212,306685.1939928572,2014,9,19,4
624,2014-09-20,475295.591,324275.50242142857,2014,9,20,5
625,2014-09-21,547206.792,347287.34627857147,2014,9,21,6
626,2014-09-22,329531.067,357289.38220714283,2014,9,22,0
627,2014-09-23,313097.254,365971.2099214286,2014,9,23,1
628,2014-09-24,350321.3117,376752.95235,2014,9,24,2
629,2014-09-25,258675.699,382475.4907071428,2014,9,25,3
630,2014-09-26,291272.052,388402.16385,2014,9,26,4
631,2014-09-27,463527.7,397421.95449285716,2014,9,27,5
632,2014-09-28,557819.207,408149.9219214286,2014,9,28,6
633,2014-09-29,330271.131,399540.2361357142,2014,9,29,0
634,2014-09-30,326653.465,394242.5182071429,2014,9,30,1
635,2014-10-01,460339.5768,389077.09913571423,2014,10,1,2
636,2014-10-02,353572.859,385385.34427857137,2014,10,2,3
637,2014-10-03,391711.895,381836.48214285716,2014,10,3,4
638,2014-10-04,567660.851,378494.09614285716,2014,10,4,5
639,2014-10-05,634494.056,373643.2427857143,2014,10,5,6
640,2014-10-06,351674.181,370753.8550714286,2014,10,6,0
641,2014-10-07,323682.914,370882.0997857143,2014,10,7,1
642,2014-10-08,361770.9209,370452.73176428577,2014,10,8,2
643,2014-10-09,266800.948,370335.35355000006,2014,10,9,3
644,2014-10-10,407395.534,368688.21183571423,2014,10,10,4
645,2014-10-11,439258.699,369061.14690714283,2014,10,11,5
646,2014-10-12,485885.679,370432.02276428574,2014,10,12,6
647,2014-10-13,327126.427,369220.2354785715,2014,10,13,0
648,2014-10-14,290403.411,368973.4971214286,2014,10,14,1
649,2014-10-15,350249.7757,376291.3326071429,2014,10,15,2
650,2014-10-16,293615.733,383021.20839285717,2014,10,16,3
651,2014-10-17,317325.379,389235.40003571426,2014,10,17,4
652,2014-10-18,470952.749,395832.91860714287,2014,10,18,5
653,2014-10-19,554284.881,402067.7231785715,2014,10,19,6
654,2014-10-20,347902.61,403649.37417857145,2014,10,20,0
655,2014-10-21,287146.009,404405.49275000003,2014,10,21,1
656,2014-10-22,334502.136,405223.3219785714,2014,10,22,2
657,2014-10-23,266234.504,405803.6969071428,2014,10,23,3
658,2014-10-24,293146.064,414098.23133571434,2014,10,24,4
659,2014-10-25,437152.278,412364.73126428574,2014,10,25,5
660,2014-10-26,525142.044,407226.62212142855,2014,10,26,6
661,2014-10-27,307001.476,407002.00040714286,2014,10,27,0
662,2014-10-28,267888.265,404412.7108357143,2014,10,28,1
663,2014-10-29,314234.468,396549.15361428575,2014,10,29,2
664,2014-10-30,238709.347,392266.5017571429,2014,10,30,3
665,2014-10-31,305681.946,386953.1791857143,2014,10,31,4
666,2014-11-01,470684.28,380045.45761428575,2014,11,1,5
667,2014-11-02,410491.765,374316.2308285714,2014,11,2,6
668,2014-11-03,584764.12,374046.8329,2014,11,3,0
669,2014-11-04,372649.871,371437.05397142854,2014,11,4,1
670,2014-11-05,410092.961,369489.28362142853,2014,11,5,2
671,2014-11-06,314599.349,369448.8233357143,2014,11,6,3
672,2014-11-07,330549.91,361288.14690714283,2014,11,7,4
673,2014-11-08,474656.278,361137.68826428574,2014,11,8,5
674,2014-11-09,554914.919,363941.71433571435,2014,11,9,6
675,2014-11-10,320872.675,362504.2178357143,2014,11,10,0
676,2014-11-11,302585.215,360895.99312142853,2014,11,11,1
677,2014-11-12,329981.878,358323.47114285716,2014,11,12,2
678,2014-11-13,251559.413,354401.58642857143,2014,11,13,3
679,2014-11-14,305101.913,353569.9126428571,2014,11,14,4
680,2014-11-15,445204.991,353550.7362857143,2014,11,15,5
681,2014-11-16,559869.718,343279.7994285715,2014,11,16,6
682,2014-11-17,345213.507,360198.4787142857,2014,11,17,0
683,2014-11-18,297662.466,366305.8974285714,2014,11,18,1
684,2014-11-19,320023.356,371705.2420714286,2014,11,19,2
685,2014-11-20,277371.116,375159.87385714287,2014,11,20,3
686,2014-11-21,320889.573,377831.57714285713,2014,11,21,4
687,2014-11-22,433087.758,380510.4342857143,2014,11,22,5
688,2014-11-23,533903.984,382637.0682142857,2014,11,23,6
689,2014-11-24,338667.081,383627.86814285716,2014,11,24,0
690,2014-11-25,292829.404,386106.2217142857,2014,11,25,1
691,2014-11-26,329568.971,387231.0367142857,2014,11,26,2
692,2014-11-27,257296.949,388148.89857142855,2014,11,27,3
693,2014-11-28,316687.685,388107.46764285717,2014,11,28,4
694,2014-11-29,476815.801,386287.51842857146,2014,11,29,5
695,2014-11-30,601183.17,396957.37221428566,2014,11,30,6
696,2014-12-01,457735.652,379846.61414285714,2014,12,1,0
697,2014-12-02,400259.142,374490.37092857144,2014,12,2,1
698,2014-12-03,411286.9066,368056.82771428576,2014,12,3,2
699,2014-12-04,318757.9,365397.6682142857,2014,12,4,3
700,2014-12-05,356297.761,364707.64414285717,2014,12,5,4
701,2014-12-06,469671.097,361738.4641428572,2014,12,6,5
702,2014-12-07,613082.66,360237.68307142856,2014,12,7,6
703,2014-12-08,425407.77,361508.7120714286,2014,12,8,0
704,2014-12-09,376248.818,360811.86842857144,2014,12,9,1
705,2014-12-10,422418.2956,360782.3750714286,2014,12,10,2
706,2014-12-11,315608.938,361192.19907142856,2014,12,11,3
707,2014-12-12,351936.597,362019.75421428576,2014,12,12,4
708,2014-12-13,479295.737,364277.66921428574,2014,12,13,5
709,2014-12-14,575809.568,367228.6300714286,2014,12,14,6
710,2014-12-15,420530.322,375265.9261428571,2014,12,15,0
711,2014-12-16,437994.51,382594.26014285715,2014,12,16,1
712,2014-12-17,439652.806,389113.08518571424,2014,12,17,2
713,2014-12-18,392491.192,392069.2840428572,2014,12,18,3
714,2014-12-19,401835.804,394598.4403285715,2014,12,19,4
715,2014-12-20,504236.882,397211.53597142856,2014,12,20,5
716,2014-12-21,596559.673,402867.1556857143,2014,12,21,6
717,2014-12-22,540914.126,409062.91918571433,2014,12,22,0
718,2014-12-23,528349.233,415021.4487571429,2014,12,23,1
719,2014-12-24,483162.431,421653.54337142856,2014,12,24,2
720,2014-12-26,454181.676,425818.68544285715,2014,12,26,4
721,2014-12-27,382538.005,428336.46487142856,2014,12,27,5
722,2014-12-28,388099.788,428513.6031571428,2014,12,28,6
723,2014-12-29,393764.9,426701.2030142857,2014,12,29,0
724,2014-12-30,441597.2,424043.6794428572,2014,12,30,1
725,2014-12-31,382821.024,426739.0628714286,2014,12,31,2
726,2015-01-02,358053.104,428765.19854285714,2015,1,2,4
727,2015-01-03,351596.616,434031.86225714284,2015,1,3,5
728,2015-01-04,422257.958,437284.5796142857,2015,1,4,6
729,2015-01-05,309991.818,439753.5642571428,2015,1,5,0
730,2015-01-06,257798.261,438573.3509,2015,1,6,1
731,2015-01-07,273568.278,446823.8049,2015,1,7,2
732,2015-01-08,221005.032,457688.1202571429,2015,1,8,3
733,2015-01-09,239771.417,462026.98707142856,2015,1,9,4
734,2015-01-10,320059.448,471925.0397857143,2015,1,10,5
735,2015-01-11,397873.423,474110.85464285716,2015,1,11,6
736,2015-01-12,232241.173,467596.8582857143,2015,1,12,0
737,2015-01-13,207280.17,454593.6677142857,2015,1,13,1
738,2015-01-14,214463.494,456098.4447142857,2015,1,14,2
739,2015-01-15,191565.55299999999,452157.48142857145,2015,1,15,3
740,2015-01-16,224503.522,446328.93128571426,2015,1,16,4
741,2015-01-17,350357.798,443407.89014285716,2015,1,17,5
742,2015-01-18,387628.895,444866.6154285714,2015,1,18,6
743,2015-01-19,235895.223,430991.968,2015,1,19,0
744,2015-01-20,208379.241,406794.72428571427,2015,1,20,1
745,2015-01-21,224658.038,387698.5922857142,2015,1,21,2
746,2015-01-22,187881.462,365745.4350714286,2015,1,22,3
747,2015-01-23,222966.582,348360.36264285713,2015,1,23,4
748,2015-01-24,327057.117,338780.20349999995,2015,1,24,5
749,2015-01-25,360447.785,339875.5905,2015,1,25,6
750,2015-01-26,213510.262,328742.83228571434,2015,1,26,0
751,2015-01-27,183801.498,315422.49442857143,2015,1,27,1
752,2015-01-28,200148.643,299198.6582857143,2015,1,28,2
753,2015-01-29,175185.436,285537.5532142857,2015,1,29,3
754,2015-01-30,235807.036,275998.29735714284,2015,1,30,4
755,2015-01-31,361946.338,275909.8103571429,2015,1,31,5
756,2015-02-01,465180.279,273436.30585714284,2015,2,1,6
757,2015-02-02,285439.82,268143.69192857144,2015,2,2,0
758,2015-02-03,248638.424,264613.76192857145,2015,2,3,1
759,2015-02-04,246528.543,261120.17335714283,2015,2,4,2
760,2015-02-05,214997.575,258754.2040714286,2015,2,5,3
761,2015-02-06,230949.18,257553.8587142857,2015,2,6,4
762,2015-02-07,326505.7,258053.69221428572,2015,2,7,5
763,2015-02-08,348232.208,255380.43235714285,2015,2,8,6
764,2015-02-09,233941.465,254042.51014285715,2015,2,9,0
765,2015-02-10,199926.825,252365.46214285717,2015,2,10,1
766,2015-02-11,201715.576,251342.9727857143,2015,2,11,2
767,2015-02-12,183768.041,250172.96442857143,2015,2,12,3
768,2015-02-13,249949.874,250980.35828571426,2015,2,13,4
769,2015-02-14,262740.37,251808.11114285715,2015,2,14,5
770,2015-02-15,228407.203,257347.4957142857,2015,2,15,6
771,2015-02-16,239660.741,260886.3955,2015,2,16,0
772,2015-02-17,280105.342,263762.0514285714,2015,2,17,1
773,2015-02-18,251543.795,265324.23035714286,2015,2,18,2
774,2015-02-19,216184.063,267261.0955714286,2015,2,19,3
775,2015-02-20,263993.063,267831.2811428571,2015,2,20,4
776,2015-02-21,318564.233,267791.8942142857,2015,2,21,5
777,2015-02-22,406635.825,266919.353,2015,2,22,6
778,2015-02-23,234218.633,268378.72464285715,2015,2,23,0
779,2015-02-24,218787.526,269530.5337142857,2015,2,24,1
780,2015-02-25,211398.543,269642.45749999996,2015,2,25,2
781,2015-02-26,183117.218,270255.5007142857,2015,2,26,3
782,2015-02-27,235718.231,271265.70342857146,2015,2,27,4
783,2015-02-28,360384.952,264179.5628571428,2015,2,28,5
784,2015-03-01,489759.23,247267.2002857143,2015,3,1,6
785,2015-03-02,294248.079,243997.26607142857,2015,3,2,0
786,2015-03-03,265762.768,246244.9030714286,2015,3,3,1
787,2015-03-04,263522.203,246603.13535714286,2015,3,4,2
788,2015-03-05,226624.431,246687.8845,2015,3,5,3
789,2015-03-06,251197.59,249048.16185714287,2015,3,6,4
790,2015-03-07,371528.009,248480.91421428573,2015,3,7,5
791,2015-03-08,395348.848,252652.60114285714,2015,3,8,6
792,2015-03-09,264922.258,252672.39885714286,2015,3,9,0
793,2015-03-10,245854.76,254019.59178571426,2015,3,10,1
794,2015-03-11,232433.91,254711.23228571427,2015,3,11,2
795,2015-03-12,197427.987,254664.74492857145,2015,3,12,3
796,2015-03-13,228034.147,253648.199,2015,3,13,4
797,2015-03-14,342721.262,260622.812,2015,3,14,5
798,2015-03-15,400346.162,279290.8139285714,2015,3,15,6
799,2015-03-16,247097.204,283189.9095,2015,3,16,0
800,2015-03-17,214136.608,282165.4399285714,2015,3,17,1
801,2015-03-18,213776.209,283021.0405,2015,3,18,2
802,2015-03-19,193546.766,283766.78107142856,2015,3,19,3
803,2015-03-20,241006.613,282852.8187142857,2015,3,20,4
804,2015-03-21,345532.901,286635.9455714286,2015,3,21,5
805,2015-03-22,373442.15,285829.7329285714,2015,3,22,6
806,2015-03-23,240650.089,288022.849,2015,3,23,0
807,2015-03-24,203196.269,289956.22285714286,2015,3,24,1
808,2015-03-25,215378.112,291458.7490714286,2015,3,25,2
809,2015-03-26,185006.325,292480.94685714284,2015,3,26,3
810,2015-03-27,230610.485,291932.08371428575,2015,3,27,4
811,2015-03-28,327409.017,290670.39157142857,2015,3,28,5
812,2015-03-29,371336.1,284283.74385714286,2015,3,29,6
813,2015-03-30,223824.476,280915.82421428576,2015,3,30,0
814,2015-03-31,224731.556,277228.24135714286,2015,3,31,1
815,2015-04-01,295314.845,273674.95607142855,2015,4,1,2
816,2015-04-02,267380.218,271312.2657142857,2015,4,2,3
817,2015-04-03,281882.996,270584.3387857143,2015,4,3,4
818,2015-04-04,368776.866,268727.54535714287,2015,4,4,5
819,2015-04-05,402434.977,267162.7812142857,2015,4,5,6
820,2015-04-06,283211.568,265429.05485714285,2015,4,6,0
821,2015-04-07,246983.492,262382.0197857143,2015,4,7,1
822,2015-04-08,241703.04,261163.7485,2015,4,8,2
823,2015-04-09,203693.271,260276.48692857145,2015,4,9,3
824,2015-04-10,239105.94,260460.51107142857,2015,4,10,4
825,2015-04-11,342069.4,259366.7792857143,2015,4,11,5
826,2015-04-12,394194.552,257294.632,2015,4,12,6
827,2015-04-13,237535.455,255632.29428571425,2015,4,13,0
828,2015-04-14,204321.673,256389.07628571428,2015,4,14,1
829,2015-04-15,238244.155,262213.2645714286,2015,4,15,2
830,2015-04-16,216951.688,267487.0825714286,2015,4,16,3
831,2015-04-17,244827.127,270406.8242142857,2015,4,17,4
832,2015-04-18,354555.861,272067.10742857144,2015,4,18,5
833,2015-04-19,416587.199,274138.02364285715,2015,4,19,6
834,2015-04-20,262130.716,277178.1292857143,2015,4,20,0
835,2015-04-21,226197.756,280305.78807142854,2015,4,21,1
836,2015-04-22,226929.275,282186.14007142856,2015,4,22,2
837,2015-04-23,207850.088,283520.9219285714,2015,4,23,3
838,2015-04-24,232017.701,284127.74014285713,2015,4,24,4
839,2015-04-25,328715.953,285174.91035714286,2015,4,25,5
840,2015-04-26,372321.244,286807.65692857146,2015,4,26,6
841,2015-04-27,224046.061,287787.0125714286,2015,4,27,0
842,2015-04-28,190848.303,286329.1637857143,2015,4,28,1
843,2015-04-29,209410.336,282252.68592857145,2015,4,29,2
844,2015-04-30,227596.074,278650.6480714286,2015,4,30,3
845,2015-05-01,366499.881,276003.8002857143,2015,5,1,4
846,2015-05-02,399403.014,274988.0142142857,2015,5,2,5
847,2015-05-03,429311.943,275998.8872142857,2015,5,3,6
848,2015-05-04,302182.763,274493.11207142856,2015,5,4,0
849,2015-05-05,271390.414,273008.41664285713,2015,5,5,1
850,2015-05-06,276459.739,271953.1477142857,2015,5,6,2
851,2015-05-07,234355.818,272250.0632142857,2015,5,7,3
852,2015-05-08,266218.796,271743.76042857143,2015,5,8,4
853,2015-05-09,393492.368,270789.9427857143,2015,5,9,5
854,2015-05-10,305273.729,269227.56364285713,2015,5,10,6
855,2015-05-11,278235.928,268264.03549999994,2015,5,11,0
856,2015-05-12,238721.205,267301.6519285714,2015,5,12,1
857,2015-05-13,241062.815,265242.0934285714,2015,5,13,2
858,2015-05-14,205123.029,266002.4067142857,2015,5,14,3
859,2015-05-15,259844.071,274693.3177142857,2015,5,15,4
860,2015-05-16,397083.56,277896.6857857143,2015,5,16,5
861,2015-05-17,449385.028,278805.59607142856,2015,5,17,6
862,2015-05-18,265430.846,281666.4565714286,2015,5,18,0
863,2015-05-19,238811.335,284894.50357142853,2015,5,19,1
864,2015-05-20,252631.063,288432.39385714283,2015,5,20,2
865,2015-05-21,220595.533,290325.66028571426,2015,5,21,3
866,2015-05-22,253958.42,292768.59564285714,2015,5,22,4
867,2015-05-23,362212.749,297395.4824285714,2015,5,23,5
868,2015-05-24,420697.395,292606.3742142857,2015,5,24,6
869,2015-05-25,285768.563,296477.079,2015,5,25,0
870,2015-05-26,245429.376,299896.57200000004,2015,5,26,1
871,2015-05-27,260020.734,302157.4633571428,2015,5,27,2
872,2015-05-28,220943.168,300552.24585714284,2015,5,28,3
873,2015-05-29,298937.966,292933.9737142857,2015,5,29,4
874,2015-05-30,460885.42,292768.29842857143,2015,5,30,5
875,2015-05-31,566542.781,294202.0902142857,2015,5,31,6
876,2015-06-01,456618.206,291576.95328571426,2015,6,1,0
877,2015-06-02,403234.342,289249.87621428573,2015,6,2,1
878,2015-06-03,427202.995,287547.82792857144,2015,6,3,2
879,2015-06-04,333116.38,286564.95042857144,2015,6,4,3
880,2015-06-05,375878.353,285689.2092857143,2015,6,5,4
881,2015-06-06,512719.068,283454.95078571426,2015,6,6,5
882,2015-06-07,614279.52,291699.49835714285,2015,6,7,6
883,2015-06-08,378007.964,292237.5437142857,2015,6,8,0
884,2015-06-09,333852.451,292716.6987857143,2015,6,9,1
885,2015-06-10,358518.911,294070.83585714287,2015,6,10,2
886,2015-06-11,273646.818,295200.8457857143,2015,6,11,3
887,2015-06-12,341000.339,297993.26685714285,2015,6,12,4
888,2015-06-13,467115.603,302550.5425714286,2015,6,13,5
889,2015-06-14,546214.778,310918.95349999995,2015,6,14,6
890,2015-06-15,362531.205,324575.1935,2015,6,15,0
891,2015-06-16,360875.913,336319.694,2015,6,16,1
892,2015-06-17,378516.065,348789.11771428573,2015,6,17,2
893,2015-06-18,297164.131,356826.3210714286,2015,6,18,3
894,2015-06-19,377687.073,365534.88771428575,2015,6,19,4
895,2015-06-20,527504.637,376285.3390714285,2015,6,20,5
896,2015-06-21,433361.768,390112.6337142857,2015,6,21,6
897,2015-06-22,367730.922,396701.16235714284,2015,6,22,0
898,2015-06-23,343899.665,403017.09628571424,2015,6,23,1
899,2015-06-24,362835.357,410052.6803571428,2015,6,24,2
900,2015-06-25,277352.32,413817.2267857143,2015,6,25,3
901,2015-06-26,335073.112,416821.68200000003,2015,6,26,4
902,2015-06-27,467800.603,417266.69507142855,2015,6,27,5
903,2015-06-28,567703.978,415814.69485714287,2015,6,28,6
904,2015-06-29,345291.55,409094.19478571427,2015,6,29,0
905,2015-06-30,340790.928,406068.59271428577,2015,6,30,1
906,2015-07-01,493321.806,402590.9548571428,2015,7,1,2
907,2015-07-02,389795.444,400022.9370714286,2015,7,2,3
908,2015-07-03,451200.71,400152.1313571428,2015,7,3,4
909,2015-07-04,576960.618,401208.24342857144,2015,7,4,5
910,2015-07-05,547146.487,388285.5468571429,2015,7,5,6
911,2015-07-06,410846.703,387551.47242857143,2015,7,6,0
912,2015-07-07,317564.863,388269.1305714286,2015,7,7,1
913,2015-07-08,422137.733,388577.4481428572,2015,7,8,2
914,2015-07-09,342949.296,388842.1268571429,2015,7,9,3
915,2015-07-10,365185.338,388418.75350000005,2015,7,10,4
916,2015-07-11,438700.27,388467.68207142863,2015,7,11,5
917,2015-07-12,498398.191,390002.6249285714,2015,7,12,6
918,2015-07-13,347540.416,388771.221,2015,7,13,0
919,2015-07-14,314518.18,387336.5792142857,2015,7,14,1
920,2015-07-15,364402.68,395536.98928571434,2015,7,15,2
921,2015-07-16,314035.206,402153.51164285716,2015,7,16,3
922,2015-07-17,365006.279,407404.48571428575,2015,7,17,4
923,2015-07-18,450887.366,410937.0557857143,2015,7,18,5
924,2015-07-19,495382.846,419064.53571428574,2015,7,19,6
925,2015-07-20,361633.157,422144.2343571428,2015,7,20,0
926,2015-07-21,313876.682,420263.17707142857,2015,7,21,1
927,2015-07-22,344429.957,424499.0610714286,2015,7,22,2
928,2015-07-23,290090.5,429184.5593571429,2015,7,23,3
929,2015-07-24,344489.378,431335.43264285714,2015,7,24,4
930,2015-07-25,419727.886,429256.83742857137,2015,7,25,5
931,2015-07-26,461229.419,424306.42407142854,2015,7,26,6
932,2015-07-27,337399.779,424467.05735714285,2015,7,27,0
933,2015-07-28,298321.674,422590.4325,2015,7,28,1
934,2015-07-29,335718.247,413381.9235,2015,7,29,2
935,2015-07-30,279559.145,407970.4779285714,2015,7,30,3
936,2015-07-31,366420.059,401813.73285714287,2015,7,31,4
937,2015-08-01,546003.539,392808.5005714285,2015,8,1,5
938,2015-08-02,550319.244,389111.0976428572,2015,8,2,6
939,2015-08-03,425811.855,385595.84435714287,2015,8,3,0
940,2015-08-04,374731.025,385332.40285714285,2015,8,4,1
941,2015-08-05,389941.47,379781.84742857143,2015,8,5,2
942,2015-08-06,303547.0,376006.2191428571,2015,8,6,3
943,2015-08-07,354411.422,374527.93628571427,2015,8,7,4
944,2015-08-08,399393.349,373172.76599999995,2015,8,8,5
945,2015-08-09,348023.317,370517.8537142857,2015,8,9,6
946,2015-08-10,417945.087,369793.52249999996,2015,8,10,0
947,2015-08-11,345965.488,368636.62921428576,2015,8,11,1
948,2015-08-12,363171.835,366587.7411428572,2015,8,12,2
949,2015-08-13,300679.125,364125.16535714286,2015,8,13,3
950,2015-08-14,431983.454,364226.14964285714,2015,8,14,4
951,2015-08-15,529597.931,371020.162,2015,8,15,5
952,2015-08-16,495822.306,374944.19042857137,2015,8,16,6
953,2015-08-17,368658.559,379528.3831428572,2015,8,17,0
954,2015-08-18,320640.471,383875.1219285714,2015,8,18,1
955,2015-08-19,352078.877,387125.94428571436,2015,8,19,2
956,2015-08-20,299052.886,388087.1228571429,2015,8,20,3
957,2015-08-21,352713.415,388795.84028571425,2015,8,21,4
958,2015-08-22,421420.262,387343.37335714285,2015,8,22,5
959,2015-08-23,459525.117,379257.22321428574,2015,8,23,6
960,2015-08-24,357677.9,385010.4595,2015,8,24,0
961,2015-08-25,327090.012,388413.5890714285,2015,8,25,1
962,2015-08-26,348983.553,390374.5596428571,2015,8,26,2
963,2015-08-27,291486.974,391883.1296428571,2015,8,27,3
964,2015-08-28,355696.755,396566.2292857143,2015,8,28,4
965,2015-08-29,475457.005,395394.40014285716,2015,8,29,5
966,2015-08-30,544499.636,391501.7617142857,2015,8,30,6
967,2015-08-31,418999.7,387419.3834285714,2015,8,31,0
968,2015-09-01,481238.291,383555.7724285714,2015,9,1,1
969,2015-09-02,490101.006,380851.3015,2015,9,2,2
970,2015-09-03,391703.585,380530.29335714283,2015,9,3,3
971,2015-09-04,418264.052,380409.0071428572,2015,9,4,4
972,2015-09-05,606837.739,381982.3580714286,2015,9,5,5
973,2015-09-06,674147.774,389946.7723571429,2015,9,6,6
974,2015-09-07,408580.626,385641.9732857143,2015,9,7,0
975,2015-09-08,345049.936,384293.72500000003,2015,9,8,1
976,2015-09-09,383706.49,383280.2762857143,2015,9,9,2
977,2015-09-10,302316.991,382623.69407142856,2015,9,10,3
978,2015-09-11,357475.471,377174.64414285717,2015,9,11,4
979,2015-09-12,511806.514,373307.43514285714,2015,9,12,5
980,2015-09-13,590655.071,376784.3872857143,2015,9,13,6
981,2015-09-14,353221.043,380380.18307142856,2015,9,14,0
982,2015-09-15,342179.375,391851.45592857146,2015,9,15,1
983,2015-09-16,403169.164,401710.1794285714,2015,9,16,2
984,2015-09-17,304521.44,408328.08650000003,2015,9,17,3
985,2015-09-18,349805.614,413010.2748571429,2015,9,18,4
986,2015-09-19,521976.199,426254.3803571429,2015,9,19,5
987,2015-09-20,596920.972,441584.57014285715,2015,9,20,6
988,2015-09-21,375776.313,445220.47914285713,2015,9,21,0
989,2015-09-22,330758.451,446503.3308571428,2015,9,22,1
990,2015-09-23,373922.006,448983.54064285714,2015,9,23,2
991,2015-09-24,294623.818,449757.1132857143,2015,9,24,3
992,2015-09-25,355857.17,449884.1644285714,2015,9,25,4
993,2015-09-26,504286.842,452480.5579285714,2015,9,26,5
994,2015-09-27,589661.64,455777.3747142857,2015,9,27,6
995,2015-09-28,352103.142,451078.8992142857,2015,9,28,0
996,2015-09-29,312064.222,441146.1195,2015,9,29,1
997,2015-09-30,387542.708,434936.70221428573,2015,9,30,2
998,2015-10-01,420778.81,428709.4061428571,2015,10,1,3
999,2015-10-02,464246.144,423819.5177142857,2015,10,2,4
1000,2015-10-03,678750.784,417757.97914285713,2015,10,3,5
1001,2015-10-04,753785.967,412241.77900000004,2015,10,4,6
1002,2015-10-05,440359.556,409898.6137857143,2015,10,5,0
1003,2015-10-06,364753.063,408877.7934285715,2015,10,6,1
1004,2015-10-07,394589.802,408178.9017142857,2015,10,7,2
1005,2015-10-08,306479.959,407629.3893571429,2015,10,8,3
1006,2015-10-09,488694.595,407513.79642857146,2015,10,9,4
1007,2015-10-10,473084.045,406976.677,2015,10,10,5
1008,2015-10-11,540637.484,406905.71764285717,2015,10,11,6
1009,2015-10-12,366000.705,406825.8675714286,2015,10,12,0
1010,2015-10-13,273093.25,404674.7852142858,2015,10,13,1
1011,2015-10-14,359494.028,403558.60978571424,2015,10,14,2
1012,2015-10-15,297623.11,411862.7076428571,2015,10,15,3
1013,2015-10-16,374367.788,420037.0312142857,2015,10,16,4
1014,2015-10-17,539279.219,431235.2158571429,2015,10,17,5
1015,2015-10-18,605521.328,442439.85835714283,2015,10,18,6
1016,2015-10-19,364622.408,447052.9471428571,2015,10,19,0
1017,2015-10-20,333284.541,449481.1337142857,2015,10,20,1
1018,2015-10-21,363478.502,450957.4048571429,2015,10,21,2
1019,2015-10-22,287727.304,451804.27207142854,2015,10,22,3
1020,2015-10-23,352743.575,461292.6595714285,2015,10,23,4
1021,2015-10-24,486362.928,459063.88835714286,2015,10,24,5
1022,2015-10-25,568813.75,455562.1629285714,2015,10,25,6
1023,2015-10-26,331684.597,456554.84599999996,2015,10,26,0
1024,2015-10-27,307117.956,453771.2051428571,2015,10,27,1
1025,2015-10-28,317830.059,451767.728,2015,10,28,2
1026,2015-10-29,251850.903,442970.8922857143,2015,10,29,3
1027,2015-10-30,330451.183,436551.0097142857,2015,10,30,4
1028,2015-10-31,473819.943,426588.7550714286,2015,10,31,5
1029,2015-11-01,436472.045,415998.4237142857,2015,11,1,6
1030,2015-11-02,432642.442,410588.6274285714,2015,11,2,0
1031,2015-11-03,592789.375,408340.87585714285,2015,11,3,1
1032,2015-11-04,458693.644,406118.64014285716,2015,11,4,2
1033,2015-11-05,346256.039,404779.1647857143,2015,11,5,3
1034,2015-11-06,365909.497,395068.3776428572,2015,11,6,4
1035,2015-11-07,537616.485,396016.86928571435,2015,11,7,5
1036,2015-11-08,634841.801,398029.45971428574,2015,11,8,6
1037,2015-11-09,358905.358,395578.3091428572,2015,11,9,0
1038,2015-11-10,325796.959,398008.6452857143,2015,11,10,1
1039,2015-11-11,398707.34,395032.6475,2015,11,11,2
1040,2015-11-12,261699.035,391763.20414285717,2015,11,12,3
1041,2015-11-13,337457.528,388626.3037857143,2015,11,13,4
1042,2015-11-14,487578.975,383950.6412142857,2015,11,14,5
1043,2015-11-15,602473.007,371875.69242857146,2015,11,15,6
1044,2015-11-16,379983.857,376734.2662857143,2015,11,16,0
1045,2015-11-17,324786.743,395270.32585714286,2015,11,17,1
1046,2015-11-18,376526.749,402071.40742857143,2015,11,18,2
1047,2015-11-19,295039.096,406252.0313571429,2015,11,19,3
1048,2015-11-20,368323.629,407192.45435714285,2015,11,20,4
1049,2015-11-21,487027.825,410853.42271428567,2015,11,21,5
1050,2015-11-22,587871.071,415569.71207142854,2015,11,22,6
1051,2015-11-23,385868.537,417514.0521428571,2015,11,23,0
1052,2015-11-24,319132.172,418848.26664285717,2015,11,24,1
1053,2015-11-25,372097.811,424625.21528571425,2015,11,25,2
1054,2015-11-26,283607.059,425328.6532857143,2015,11,26,3
1055,2015-11-27,356223.125,425829.10649999994,2015,11,27,4
1056,2015-11-28,473878.274,426811.8945,2015,11,28,5
1057,2015-11-29,625070.116,438669.1060714285,2015,11,29,6
1058,2015-11-30,416656.949,434907.7785714286,2015,11,30,0
1059,2015-12-01,455654.537,415764.73342857143,2015,12,1,1
1060,2015-12-02,475230.687,409895.66949999996,2015,12,2,2
1061,2015-12-03,358847.323,406237.3164285714,2015,12,3,3
1062,2015-12-04,385285.965,406409.75442857144,2015,12,4,4
1063,2015-12-05,535378.798,402796.2787142857,2015,12,5,5
1064,2015-12-06,669345.602,399441.2265714286,2015,12,6,6
1065,2015-12-07,463354.83,401367.1679285714,2015,12,7,0
1066,2015-12-08,381382.005,400891.11171428574,2015,12,8,1
1067,2015-12-09,421498.387,398990.4310714286,2015,12,9,2
1068,2015-12-10,352801.99,400555.28992857144,2015,12,10,3
1069,2015-12-11,390901.11,401895.6897142857,2015,12,11,4
1070,2015-12-12,523294.185,400917.0682142857,2015,12,12,5
1071,2015-12-13,616150.421,402531.1474285714,2015,12,13,6
1072,2015-12-14,429264.37,405150.654,2015,12,14,0
1073,2015-12-15,407779.103,414498.35357142857,2015,12,15,1
1074,2015-12-16,473413.001,421548.63485714287,2015,12,16,2
1075,2015-12-17,418126.335,426106.3653571429,2015,12,17,3
1076,2015-12-18,471484.174,427317.9607857143,2015,12,18,4
1077,2015-12-19,596425.057,430771.60171428573,2015,12,19,5
1078,2015-12-20,652937.542,436591.21107142855,2015,12,20,6
1079,2015-12-21,577492.592,442125.94628571434,2015,12,21,0
1080,2015-12-22,586316.021,446572.36292857147,2015,12,22,1
1081,2015-12-23,618809.579,450100.97550000006,2015,12,23,2
1082,2015-12-24,533237.734,455043.47057142854,2015,12,24,3
1083,2015-12-26,491691.948,457520.4695,2015,12,26,5
1084,2015-12-27,447970.964,461050.1774285714,2015,12,27,6
1085,2015-12-28,405307.279,460413.05635714286,2015,12,28,0
1086,2015-12-29,431240.006,461313.58642857143,2015,12,29,1
1087,2015-12-30,524043.672,457893.9125714285,2015,12,30,2
1088,2015-12-31,435048.246,457764.07785714284,2015,12,31,3
1089,2016-01-02,600000.694,461998.293,2016,1,2,5
1090,2016-01-03,724214.678,468155.3079285714,2016,1,3,6
1091,2016-01-04,523293.178,472515.75499999995,2016,1,4,0
1092,2016-01-05,440129.749,471343.7507142857,2016,1,5,1
1093,2016-01-06,460890.867,479496.448,2016,1,6,2
1094,2016-01-07,352320.32,494134.592,2016,1,7,3
1095,2016-01-08,395226.596,508228.2485714285,2016,1,8,4
1096,2016-01-09,561240.701,521116.516,2016,1,9,5
1097,2016-01-10,637615.374,528315.8615714286,2016,1,10,6
1098,2016-01-11,374273.541,522935.6315,2016,1,11,0
1099,2016-01-12,333587.093,507875.40707142855,2016,1,12,1
1100,2016-01-13,354083.164,508016.52392857143,2016,1,13,2
1101,2016-01-14,298025.862,516321.136,2016,1,14,3
1102,2016-01-15,361664.325,513580.79635714286,2016,1,15,4
1103,2016-01-16,536400.822,526571.8219999999,2016,1,16,5
1104,2016-01-17,604403.702,544624.0008571428,2016,1,17,6
1105,2016-01-18,377118.931,539400.2952142857,2016,1,18,0
1106,2016-01-19,330080.865,524199.7385714286,2016,1,19,1
1107,2016-01-20,403822.609,515871.0439285714,2016,1,20,2
1108,2016-01-21,288000.206,499157.0652857143,2016,1,21,3
1109,2016-01-22,353741.277,483186.8522142857,2016,1,22,4
1110,2016-01-23,505813.784,485187.06414285715,2016,1,23,5
1111,2016-01-24,566861.89,495610.166,2016,1,24,6
1112,2016-01-25,356751.244,490346.0643571429,2016,1,25,0
1113,2016-01-26,313718.564,485223.1939285714,2016,1,26,1
1114,2016-01-27,355231.011,479711.9909285715,2016,1,27,2
1115,2016-01-28,278208.999,463567.86164285714,2016,1,28,3
1116,2016-01-29,353267.02,458326.153,2016,1,29,4
1117,2016-01-30,548497.122,453783.30500000005,2016,1,30,5
1118,2016-01-31,641259.739,445225.3781428571,2016,1,31,6
1119,2016-02-01,467963.232,434784.3605,2016,2,1,0
1120,2016-02-02,391980.092,426923.7259285714,2016,2,2,1
1121,2016-02-03,415720.412,422847.4217857143,2016,2,3,2
1122,2016-02-04,336898.984,418253.1279285714,2016,2,4,3
1123,2016-02-05,386387.298,415289.89085714286,2016,2,5,4
1124,2016-02-06,480942.89,411330.82535714284,2016,2,6,5
1125,2016-02-07,376087.762,406277.0050714286,2016,2,7,6
1126,2016-02-08,377850.64,405025.41242857144,2016,2,8,0
1127,2016-02-09,451180.027,403606.2317857143,2016,2,9,1
1128,2016-02-10,405046.217,403688.2208571428,2016,2,10,2
1129,2016-02-11,327864.376,402272.73064285715,2016,2,11,3
1130,2016-02-12,369286.837,401672.9231428571,2016,2,12,4
1131,2016-02-13,469298.466,402536.9445714285,2016,2,13,5
1132,2016-02-14,551762.47,405169.51864285715,2016,2,14,6
1133,2016-02-15,406027.013,411658.3972857143,2016,2,15,0
1134,2016-02-16,374656.837,416079.7706428571,2016,2,16,1
1135,2016-02-17,402294.185,416929.6137142857,2016,2,17,2
1136,2016-02-18,290092.652,420422.3835714286,2016,2,18,3
1137,2016-02-19,365814.864,422754.2422142857,2016,2,19,4
1138,2016-02-20,497398.08,420977.7497857143,2016,2,20,5
1139,2016-02-21,589940.059,407351.0263571429,2016,2,21,6
1140,2016-02-22,370218.77,408858.12607142853,2016,2,22,0
1141,2016-02-23,329541.248,418676.802,2016,2,23,1
1142,2016-02-24,367896.334,422235.031,2016,2,24,2
1143,2016-02-25,288444.346,425781.8436428571,2016,2,25,3
1144,2016-02-26,348060.12,426926.11628571426,2016,2,26,4
1145,2016-02-27,515084.813,421269.0694285714,2016,2,27,5
1146,2016-02-28,592924.807,414876.4073571429,2016,2,28,6
1147,2016-02-29,390852.942,410452.39171428565,2016,2,29,0
1148,2016-03-01,468401.335,409215.0163571429,2016,3,1,1
1149,2016-03-02,480517.263,408256.00014285714,2016,3,2,2
1150,2016-03-03,353175.311,404912.6907142857,2016,3,3,3
1151,2016-03-04,404803.885,403443.23114285717,2016,3,4,4
1152,2016-03-05,590481.105,404618.6018571429,2016,3,5,5
1153,2016-03-06,656406.319,419893.76592857146,2016,3,6,6
1154,2016-03-07,395716.864,419348.63235714287,2016,3,7,0
1155,2016-03-08,336640.439,410660.1481428571,2016,3,8,1
1156,2016-03-09,376623.072,408006.58507142856,2016,3,9,2
1157,2016-03-10,295022.82,405190.8686428571,2016,3,10,3
1158,2016-03-11,357798.983,403674.67457142856,2016,3,11,4
1159,2016-03-12,505821.412,406945.1279285714,2016,3,12,5
1160,2016-03-13,565122.78,409885.29485714284,2016,3,13,6
1161,2016-03-14,350167.133,408801.43264285714,2016,3,14,0
1162,2016-03-15,341685.14,415497.4682142857,2016,3,15,1
1163,2016-03-16,403023.209,421084.8309285714,2016,3,16,2
1164,2016-03-17,302559.277,425590.7351428571,2016,3,17,3
1165,2016-03-18,363145.19,428375.6652142857,2016,3,18,4
1166,2016-03-19,488611.748,435024.4527142857,2016,3,19,5
1167,2016-03-20,542699.805,439772.0427142857,2016,3,20,6
1168,2016-03-21,360903.716,441593.3351428571,2016,3,21,0
1169,2016-03-22,300458.132,442100.4202142857,2016,3,22,1
1170,2016-03-23,377427.169,442723.75864285714,2016,3,23,2
1171,2016-03-24,333202.795,443193.6496428572,2016,3,24,3
1172,2016-03-25,341544.597,443889.2827142858,2016,3,25,4
1173,2016-03-26,443972.217,443227.6112142857,2016,3,26,5
1174,2016-03-27,497306.961,441241.7521428572,2016,3,27,6
1175,2016-03-28,350017.806,438335.6229285715,2016,3,28,0
1176,2016-03-29,318446.469,429284.4661428571,2016,3,29,1
1177,2016-03-30,353823.848,423749.1765714286,2016,3,30,2
1178,2016-03-31,333513.776,420133.74557142856,2016,3,31,3
1179,2016-04-01,463464.448,417158.1245,2016,4,1,4
1180,2016-04-02,662771.683,409881.7418571428,2016,4,2,5
1181,2016-04-03,777635.653,401759.84800000006,2016,4,3,6
1182,2016-04-04,432228.84,399273.1945714286,2016,4,4,0
1183,2016-04-05,379148.493,396688.74407142855,2016,4,5,1
1184,2016-04-06,408562.399,396746.1795714286,2016,4,6,2
1185,2016-04-07,315344.308,399473.3206428572,2016,4,7,3
1186,2016-04-08,379869.23,398312.2930714286,2016,4,8,4
1187,2016-04-09,525681.675,393894.4934285715,2016,4,9,5
1188,2016-04-10,615886.716,389050.5063571428,2016,4,10,6
1189,2016-04-11,361546.736,389039.84014285717,2016,4,11,0
1190,2016-04-12,346025.964,387379.9350714286,2016,4,12,1
1191,2016-04-13,365172.225,383865.695,2016,4,13,2
1192,2016-04-14,286234.455,386076.73064285715,2016,4,14,3
1193,2016-04-15,360473.683,393242.3919285714,2016,4,15,4
1194,2016-04-16,485494.686,405682.3872857143,2016,4,16,5
1195,2016-04-17,758259.131,422463.51928571425,2016,4,17,6
1196,2016-04-18,733211.438,427558.171,2016,4,18,0
1197,2016-04-19,598701.937,433178.9110714286,2016,4,19,1
1198,2016-04-20,574309.408,435402.8560714285,2016,4,20,2
1199,2016-04-21,607436.503,434127.24985714286,2016,4,21,3
1200,2016-04-22,455092.459,436864.72364285716,2016,4,22,4
1201,2016-04-23,566246.065,442701.1135,2016,4,23,5
1202,2016-04-24,607025.331,451171.096,2016,4,24,6
1203,2016-04-25,360556.844,451994.59099999996,2016,4,25,0
1204,2016-04-26,395416.142,453964.55492857145,2016,4,26,1
1205,2016-04-27,367973.354,454775.1532857143,2016,4,27,2
1206,2016-04-28,282274.857,451398.05892857147,2016,4,28,3
1207,2016-04-29,382455.583,444041.5757142858,2016,4,29,4
1208,2016-04-30,588470.203,431378.93307142856,2016,4,30,5
1209,2016-05-01,726919.812,429994.8957857143,2016,5,1,6
1210,2016-05-02,576447.838,451493.6527857143,2016,5,2,0
1211,2016-05-03,410174.117,467176.04164285713,2016,5,3,1
1212,2016-05-04,436490.803,479015.1137142857,2016,5,4,2
1213,2016-05-05,336640.725,499878.84192857146,2016,5,5,3
1214,2016-05-06,412194.02,505251.9297142857,2016,5,6,4
1215,2016-05-07,583969.571,508149.3861428571,2016,5,7,5
1216,2016-05-08,430678.641,507516.43007142853,2016,5,8,6
1217,2016-05-09,407555.072,507445.7235,2016,5,9,0
1218,2016-05-10,341508.571,510973.5933571429,2016,5,10,1
1219,2016-05-11,396695.161,511173.674,2016,5,11,2
1220,2016-05-12,327221.532,510890.8455714286,2016,5,12,3
1221,2016-05-13,357535.922,512460.98128571425,2016,5,13,4
1222,2016-05-14,505352.295,519816.3753571428,2016,5,14,5
1223,2016-05-15,591819.678,517577.8525714286,2016,5,15,6
1224,2016-05-16,392385.43,506380.45257142856,2016,5,16,0
1225,2016-05-17,334703.421,492914.1797142857,2016,5,17,1
1226,2016-05-18,376803.178,483069.9936428572,2016,5,18,2
1227,2016-05-19,302710.703,463727.4380714285,2016,5,19,3
1228,2016-05-20,383055.9,460663.2638571429,2016,5,20,4
1229,2016-05-21,492384.973,461929.22857142857,2016,5,21,5
1230,2016-05-22,570427.538,449333.0364285715,2016,5,22,6
1231,2016-05-23,371079.273,452690.05271428573,2016,5,23,0
1232,2016-05-24,298319.92,448839.5119285714,2016,5,24,1
1233,2016-05-25,343448.913,450891.0695714286,2016,5,25,2
1234,2016-05-26,300307.374,454101.5463571428,2016,5,26,3
1235,2016-05-27,467630.962,452321.5705714286,2016,5,27,4
1236,2016-05-28,434441.291,446384.57714285713,2016,5,28,5
1237,2016-05-29,529404.537,436734.5675714286,2016,5,29,6
1238,2016-05-30,405086.612,423587.2527142857,2016,5,30,0
1239,2016-05-31,505375.119,418196.4887142857,2016,5,31,1
1240,2016-06-01,438254.808,413933.08692857146,2016,6,1,2
1241,2016-06-02,366658.95,411509.5139285714,2016,6,2,3
1242,2016-06-03,405301.435,409428.21964285715,2016,6,3,4
1243,2016-06-04,548177.721,402886.46264285716,2016,6,4,5
1244,2016-06-05,626164.478,412868.5267142857,2016,6,5,6
1245,2016-06-06,398302.353,410263.1125,2016,6,6,0
1246,2016-06-07,339516.113,407178.2088571429,2016,6,7,1
1247,2016-06-08,379247.569,403374.90542857145,2016,6,8,2
1248,2016-06-09,289516.156,401452.4655714286,2016,6,9,3
1249,2016-06-10,352132.064,409316.397,2016,6,10,4
1250,2016-06-11,456281.023,404251.3252857143,2016,6,11,5
1251,2016-06-12,516675.981,399793.1009285714,2016,6,12,6
1252,2016-06-13,373675.464,400700.3282142857,2016,6,13,0
1253,2016-06-14,312856.991,412891.16378571425,2016,6,14,1
1254,2016-06-15,375318.463,417280.5659285714,2016,6,15,2
1255,2016-06-16,323141.565,421848.29785714287,2016,6,16,3
1256,2016-06-17,418650.398,423437.26464285713,2016,6,17,4
1257,2016-06-18,530918.407,427422.46092857147,2016,6,18,5
1258,2016-06-19,448298.005,431403.67092857143,2016,6,19,6
1259,2016-06-20,384105.862,433348.1766428571,2016,6,20,0
1260,2016-06-21,339030.473,436290.76185714285,2016,6,21,1
1261,2016-06-22,362372.899,438847.8087142858,2016,6,22,2
1262,2016-06-23,293393.904,438077.00742857147,2016,6,23,3
1263,2016-06-24,350778.407,429827.08614285715,2016,6,24,4
1264,2016-06-25,470979.477,431387.067,2016,6,25,5
1265,2016-06-26,527770.763,430477.88442857144,2016,6,26,6
1266,2016-06-27,374150.745,428234.231,2016,6,27,0
1267,2016-06-28,304862.31,414482.9361428572,2016,6,28,1
1268,2016-06-29,340076.087,409987.4829285714,2016,6,29,2
1269,2016-06-30,286655.618,406879.0982857143,2016,6,30,3
1270,2016-07-01,461741.238,407832.59564285714,2016,7,1,4
1271,2016-07-02,572743.472,406599.7875,2016,7,2,5
1272,2016-07-03,608798.577,393895.03942857136,2016,7,3,6
1273,2016-07-04,466160.433,392881.00435714284,2016,7,4,0
1274,2016-07-05,377913.464,392846.3157857143,2016,7,5,1
1275,2016-07-06,410742.703,391640.98221428564,2016,7,6,2
1276,2016-07-07,313421.225,391917.9642142857,2016,7,7,3
1277,2016-07-08,383011.313,391821.27442857146,2016,7,8,4
1278,2016-07-09,465985.645,392871.164,2016,7,9,5
1279,2016-07-10,500112.297,393663.6484285714,2016,7,10,6
1280,2016-07-11,359535.836,393697.5970714286,2016,7,11,0
1281,2016-07-12,320359.031,393126.54842857143,2016,7,12,1
1282,2016-07-13,347832.461,390609.2358571428,2016,7,13,2
1283,2016-07-14,277695.556,388003.0967857143,2016,7,14,3
1284,2016-07-15,361476.009,391081.0139285714,2016,7,15,4
1285,2016-07-16,468646.988,394068.5185714286,2016,7,16,5
1286,2016-07-17,493292.879,405532.8451428572,2016,7,17,6
1287,2016-07-18,362288.118,411393.8859285714,2016,7,18,0
1288,2016-07-19,319602.28,414171.2424285714,2016,7,19,1
1289,2016-07-20,365259.807,417626.2284285715,2016,7,20,2
1290,2016-07-21,308444.051,419056.7513571429,2016,7,21,3
1291,2016-07-22,354514.624,421359.1017857143,2016,7,22,4
1292,2016-07-23,432444.687,421002.39949999994,2016,7,23,5
1293,2016-07-24,471421.705,419026.7947857143,2016,7,24,6
1294,2016-07-25,354865.16,417982.87271428574,2016,7,25,0
1295,2016-07-26,304890.971,419089.7813571428,2016,7,26,1
1296,2016-07-27,349297.384,419643.80807142856,2016,7,27,2
1297,2016-07-28,277917.608,419003.8036428572,2016,7,28,3
1298,2016-07-29,356431.599,411842.00157142855,2016,7,29,4
1299,2016-07-30,473099.404,404406.5384285714,2016,7,30,5
1300,2016-07-31,527954.832,396156.1314285714,2016,7,31,6
1301,2016-08-01,466867.879,388736.6803571429,2016,8,1,0
1302,2016-08-02,394504.813,384571.5957857143,2016,8,2,1
1303,2016-08-03,419023.25,381322.8175,2016,8,3,2
1304,2016-08-04,328737.873,380967.30507142853,2016,8,4,3
1305,2016-08-05,385499.247,378931.82728571433,2016,8,5,4
1306,2016-08-06,453629.657,376536.0445714286,2016,8,6,5
1307,2016-08-07,480066.993,374486.7165714285,2016,8,7,6
1308,2016-08-08,372139.976,374153.0968571428,2016,8,8,0
1309,2016-08-09,314227.85,373048.23542857135,2016,8,9,1
1310,2016-08-10,350280.398,373152.87278571434,2016,8,10,2
1311,2016-08-11,310392.834,373168.7336428572,2016,8,11,3
1312,2016-08-12,392851.775,372808.4186428571,2016,8,12,4
1313,2016-08-13,365451.311,373126.44835714286,2016,8,13,5
1314,2016-08-14,396912.586,375602.30214285717,2016,8,14,6
1315,2016-08-15,364645.871,383072.2850714285,2016,8,15,0
1316,2016-08-16,369110.057,388422.466,2016,8,16,1
1317,2016-08-17,383001.778,392262.71192857146,2016,8,17,2
1318,2016-08-18,291589.301,393712.2706428572,2016,8,18,3
1319,2016-08-19,360458.113,395925.45800000004,2016,8,19,4
1320,2016-08-20,441714.904,397438.67014285707,2016,8,20,5
1321,2016-08-21,473626.176,398056.1907142857,2016,8,21,6
1322,2016-08-22,374471.363,399290.10614285717,2016,8,22,0
1323,2016-08-23,334228.013,399957.0260714286,2016,8,23,1
1324,2016-08-24,357303.803,400027.24135714286,2016,8,24,2
1325,2016-08-25,289464.553,402346.9003571429,2016,8,25,3
1326,2016-08-26,354701.273,404948.34150000004,2016,8,26,4
1327,2016-08-27,419565.347,397259.192,2016,8,27,5
1328,2016-08-28,465836.997,387899.0315714286,2016,8,28,6
1329,2016-08-29,348012.918,380597.4595714286,2016,8,29,0
1330,2016-08-30,315536.5,378783.54842857143,2016,8,30,1
1331,2016-08-31,387690.419,376210.58614285715,2016,8,31,2
1332,2016-09-01,358074.996,373557.1167142857,2016,9,1,3
1333,2016-09-02,467590.131,371768.46428571426,2016,9,2,4
1334,2016-09-03,586909.542,370917.41050000006,2016,9,3,5
1335,2016-09-04,616427.24,370457.3521428571,2016,9,4,6
1336,2016-09-05,441514.04,370623.87978571426,2016,9,5,0
1337,2016-09-06,398499.233,372052.4628571429,2016,9,6,1
1338,2016-09-07,417547.3,372554.1346428571,2016,9,7,2
1339,2016-09-08,325860.959,371059.2574285714,2016,9,8,3
1340,2016-09-09,368710.325,368334.2215714286,2016,9,9,4
1341,2016-09-10,522037.95,372199.50985714287,2016,9,10,5
1342,2016-09-11,592226.489,377122.68207142863,2016,9,11,6
1343,2016-09-12,359018.389,375934.614,2016,9,12,0
1344,2016-09-13,305653.304,372107.93135714286,2016,9,13,1
1345,2016-09-14,341224.709,372442.83428571426,2016,9,14,2
1346,2016-09-15,293501.223,377191.8125,2016,9,15,3
1347,2016-09-16,375220.569,384844.0995,2016,9,16,4
1348,2016-09-17,505287.727,395215.14507142856,2016,9,17,5
1349,2016-09-18,583639.436,405415.22107142856,2016,9,18,6
1350,2016-09-19,362657.137,410203.9837142857,2016,9,19,0
1351,2016-09-20,336675.564,414794.7851428571,2016,9,20,1
1352,2016-09-21,368436.111,419097.8920714286,2016,9,21,2
1353,2016-09-22,277358.063,421697.6353571429,2016,9,22,3
1354,2016-09-23,367295.994,422698.2819285714,2016,9,23,4
1355,2016-09-24,484823.428,430017.75357142853,2016,9,24,5
1356,2016-09-25,549001.324,439045.5744285714,2016,9,25,6
1357,2016-09-26,353791.109,439831.6795,2016,9,26,0
1358,2016-09-27,304356.247,439125.7369285714,2016,9,27,1
1359,2016-09-28,348458.474,435806.75764285715,2016,9,28,2
1360,2016-09-29,272319.27,431194.34528571425,2016,9,29,3
1361,2016-09-30,387961.893,424596.5194285714,2016,9,30,4
1362,2016-10-01,673548.479,418766.38978571433,2016,10,1,5
1363,2016-10-02,770145.037,416424.4037857143,2016,10,2,6
1364,2016-10-03,460402.147,410791.76785714284,2016,10,3,0
1365,2016-10-04,381965.366,406375.7915,2016,10,4,1
1366,2016-10-05,423668.336,402867.8494285714,2016,10,5,2
1367,2016-10-06,309891.93,399403.3568571428,2016,10,6,3
1368,2016-10-07,390995.115,399302.3332142857,2016,10,7,4
1369,2016-10-08,534073.53,396644.1530714286,2016,10,8,5
1370,2016-10-09,641770.683,393556.6412857143,2016,10,9,6
1371,2016-10-10,371162.486,393183.2641428571,2016,10,10,0
1372,2016-10-11,310525.868,393090.6172142857,2016,10,11,1
1373,2016-10-12,361760.527,393607.3147142857,2016,10,12,2
1374,2016-10-13,287210.323,392094.31807142857,2016,10,13,3
1375,2016-10-14,363509.829,393004.4126428571,2016,10,14,4
1376,2016-10-15,483937.227,405023.0377857143,2016,10,15,5
1377,2016-10-16,634696.847,418344.86642857146,2016,10,16,6
1378,2016-10-17,378508.614,425326.6528571429,2016,10,17,0
1379,2016-10-18,319655.259,428561.6387142857,2016,10,18,1
1380,2016-10-19,349989.823,432506.7976428572,2016,10,19,2
1381,2016-10-20,313285.081,434830.6452857143,2016,10,20,3
1382,2016-10-21,380458.113,436523.4396428572,2016,10,21,4
1383,2016-10-22,478035.631,440041.3040714286,2016,10,22,5
1384,2016-10-23,590154.176,446667.6868571429,2016,10,23,6
1385,2016-10-24,345732.591,447908.4995,2016,10,24,0
1386,2016-10-25,319530.329,448349.1867142857,2016,10,25,1
1387,2016-10-26,350665.077,449299.33335714287,2016,10,26,2
1388,2016-10-27,282527.483,450362.98000000004,2016,10,27,3
1389,2016-10-28,352199.926,448616.40400000004,2016,10,28,4
1390,2016-10-29,463279.584,435072.74314285716,2016,10,29,5
1391,2016-10-30,550229.735,425397.87242857146,2016,10,30,6
1392,2016-10-31,337697.743,419548.33435714286,2016,10,31,0
1393,2016-11-01,404710.972,415097.61242857145,2016,11,1,1
1394,2016-11-02,520685.583,409834.8615,2016,11,2,2
1395,2016-11-03,423444.489,410077.2294285715,2016,11,3,3
1396,2016-11-04,484246.877,409324.58642857143,2016,11,4,4
1397,2016-11-05,501860.662,405321.87935714284,2016,11,5,5
1398,2016-11-06,669286.547,401634.986,2016,11,6,6
1399,2016-11-07,445955.059,399818.5649285714,2016,11,7,0
1400,2016-11-08,402756.617,400461.7407142857,2016,11,8,1
1401,2016-11-09,436370.123,399669.20857142855,2016,11,9,2
1402,2016-11-10,311151.038,399334.72000000003,2016,11,10,3
1403,2016-11-11,389851.241,398526.8697857143,2016,11,11,4
1404,2016-11-12,518677.643,397051.3238571429,2016,11,12,5
1405,2016-11-13,689669.346,391017.9587142857,2016,11,13,6
1406,2016-11-14,392302.126,388102.8965,2016,11,14,0
1407,2016-11-15,349324.935,394178.3045714286,2016,11,15,1
1408,2016-11-16,456319.967,406370.85885714286,2016,11,16,2
1409,2016-11-17,329310.672,414239.388,2016,11,17,3
1410,2016-11-18,392253.618,421652.8711428572,2016,11,18,4
1411,2016-11-19,524196.43,423354.6590714286,2016,11,19,5
1412,2016-11-20,653760.183,429006.9712857143,2016,11,20,6
1413,2016-11-21,411857.788,436165.719,2016,11,21,0
1414,2016-11-22,344049.215,442110.4538571429,2016,11,22,1
1415,2016-11-23,412258.523,448232.2428571428,2016,11,23,2
1416,2016-11-24,311151.406,450276.78250000003,2016,11,24,3
1417,2016-11-25,397537.895,452966.1621428571,2016,11,25,4
1418,2016-11-26,494591.256,456923.16635714285,2016,11,26,5
1419,2016-11-27,612632.333,466883.1385714286,2016,11,27,6
1420,2016-11-28,405711.706,470783.4516428571,2016,11,28,0
1421,2016-11-29,326923.534,466827.3061428571,2016,11,29,1
1422,2016-11-30,416376.084,462229.76214285713,2016,11,30,2
1423,2016-12-01,443592.109,455505.9180714286,2016,12,1,3
1424,2016-12-02,451991.853,448934.97099999996,2016,12,2,4
1425,2016-12-03,607862.491,450530.383,2016,12,3,5
1426,2016-12-04,738212.564,449421.35699999996,2016,12,4,6
1427,2016-12-05,435581.777,446985.83764285716,2016,12,5,0
1428,2016-12-06,558682.065,442792.4517857143,2016,12,6,1
1429,2016-12-07,484160.016,441070.1946428572,2016,12,7,2
1430,2016-12-08,369419.745,441070.2209285715,2016,12,8,3
1431,2016-12-09,434574.587,441619.26764285716,2016,12,9,4
1432,2016-12-10,513729.769,439898.81142857147,2016,12,10,5
1433,2016-12-11,631380.141,434396.1676428571,2016,12,11,6
1434,2016-12-12,432274.807,435353.9947857143,2016,12,12,0
1435,2016-12-13,393365.571,433753.89471428574,2016,12,13,1
1436,2016-12-14,456990.922,430900.76021428575,2016,12,14,2
1437,2016-12-15,398098.256,439063.72000000003,2016,12,15,3
1438,2016-12-16,491535.378,443330.73678571434,2016,12,16,4
1439,2016-12-17,588138.306,449306.884,2016,12,17,5
1440,2016-12-18,708790.536,455339.19692857144,2016,12,18,6
1441,2016-12-19,553564.223,457033.7675714286,2016,12,19,0
1442,2016-12-20,565971.485,472364.6854285714,2016,12,20,1
1443,2016-12-21,630885.43,477500.5063571428,2016,12,21,2
1444,2016-12-22,593527.777,481662.5305714286,2016,12,22,3
1445,2016-12-23,657560.42,484308.00857142854,2016,12,23,4
1446,2016-12-24,615579.335,485675.04521428567,2016,12,24,5
1447,2016-12-26,573048.116,487014.1743571428,2016,12,26,0
1448,2016-12-27,434090.466,488911.53871428565,2016,12,27,1
1449,2016-12-28,491901.91,493657.3985,2016,12,28,2
1450,2016-12-29,450327.346,496558.4583571428,2016,12,29,3
1451,2016-12-30,588584.714,493308.89742857136,2016,12,30,4
1452,2016-12-31,511673.174,496133.4349285714,2016,12,31,5
1453,2017-01-02,821605.02,494724.5645714286,2017,1,2,0
1454,2017-01-03,593083.064,492622.9911428572,2017,1,3,1
1455,2017-01-04,543055.877,501050.30871428567,2017,1,4,2
1456,2017-01-05,421969.24,501570.98157142854,2017,1,5,3
1457,2017-01-06,475042.244,512051.36828571424,2017,1,6,4
1458,2017-01-07,635830.965,528059.0848571429,2017,1,7,5
1459,2017-01-08,699178.089,543986.6443571429,2017,1,8,6
1460,2017-01-09,439697.323,551261.6133571429,2017,1,9,0
1461,2017-01-10,383640.387,547095.0401428571,2017,1,10,1
1462,2017-01-11,424036.251,547224.7300714286,2017,1,11,2
1463,2017-01-12,331650.94,554263.0399999999,2017,1,12,3
1464,2017-01-13,425414.895,553787.0702857143,2017,1,13,4
1465,2017-01-14,576171.266,567393.245857143,2017,1,14,5
1466,2017-01-15,687957.428,568831.6598571428,2017,1,15,6
1467,2017-01-16,440458.39,585507.8537142858,2017,1,16,0
1468,2017-01-17,374599.558,577243.0342857143,2017,1,17,1
1469,2017-01-18,422154.55,576492.4381428572,2017,1,18,2
1470,2017-01-19,314912.143,566206.5635,2017,1,19,3
1471,2017-01-20,389002.44,555074.9073571429,2017,1,20,4
1472,2017-01-21,614338.285,558096.5636428571,2017,1,21,5
1473,2017-01-22,677396.08,561069.2542857142,2017,1,22,6
1474,2017-01-23,423388.745,548506.2534285715,2017,1,23,0
1475,2017-01-24,367988.004,534977.1299285714,2017,1,24,1
1476,2017-01-25,396213.112,534258.9717142858,2017,1,25,2
1477,2017-01-26,302443.115,522812.4738571429,2017,1,26,3
1478,2017-01-27,396694.207,521033.0130714286,2017,1,27,4
1479,2017-01-28,534258.969,520146.3382142857,2017,1,28,5
1480,2017-01-29,612420.745,532738.0706428571,2017,1,29,6
1481,2017-01-30,360612.382,505513.3113571428,2017,1,30,0
1482,2017-01-31,392637.561,489907.3466428571,2017,1,31,1
1483,2017-02-01,518516.125,481271.5375714285,2017,2,1,2
1484,2017-02-02,391475.604,473624.60207142856,2017,2,2,3
1485,2017-02-03,461979.967,467478.90178571426,2017,2,3,4
1486,2017-02-04,627573.917,465943.7103571429,2017,2,4,5
1487,2017-02-05,647873.315,464387.85257142864,2017,2,5,6
1488,2017-02-06,424168.547,463222.95414285705,2017,2,6,0
1489,2017-02-07,386743.114,462104.92678571434,2017,2,7,1
1490,2017-02-08,437854.984,460117.5597142857,2017,2,8,2
1491,2017-02-09,338544.057,458031.2865,2017,2,9,3
1492,2017-02-10,420857.524,455979.80878571427,2017,2,10,4
1493,2017-02-11,519171.57,452986.0732857143,2017,2,11,5
1494,2017-02-12,625173.004,447590.5959285715,2017,2,12,6
1495,2017-02-13,429363.564,441887.3096428571,2017,2,13,0
1496,2017-02-14,326573.005,443175.73842857144,2017,2,14,1
1497,2017-02-15,395921.924,450058.70807142864,2017,2,15,2
1498,2017-02-16,346731.54,455527.5267142857,2017,2,16,3
1499,2017-02-17,414260.794,460740.2072142857,2017,2,17,4
1500,2017-02-18,601157.686,461685.60949999996,2017,2,18,5
1501,2017-02-19,481698.835,459576.84057142853,2017,2,19,6
1502,2017-02-20,392746.367,459632.54071428574,2017,2,20,0
1503,2017-02-21,371873.816,460972.1914285714,2017,2,21,1
1504,2017-02-22,389214.979,463946.6108571429,2017,2,22,2
1505,2017-02-23,342609.311,466525.2495714286,2017,2,23,3
1506,2017-02-24,412215.84,468251.20078571426,2017,2,24,4
1507,2017-02-25,506520.83,467173.5294285714,2017,2,25,5
1508,2017-02-26,415810.725,468084.4050714285,2017,2,26,6
1509,2017-02-27,427032.116,472995.2037857143,2017,2,27,0
1510,2017-02-28,574030.536,468276.3069285714,2017,2,28,1
1511,2017-03-01,528591.465,459519.57828571426,2017,3,1,2
1512,2017-03-02,437234.753,456323.57371428574,2017,3,2,3
1513,2017-03-03,486198.806,452915.06135714287,2017,3,3,4
1514,2017-03-04,634886.367,451028.1877142857,2017,3,4,5
1515,2017-03-05,719913.718,439158.582,2017,3,5,6
1516,2017-03-06,428920.871,436914.1405714286,2017,3,6,0
1517,2017-03-07,392718.08,435852.04785714287,2017,3,7,1
1518,2017-03-08,414182.42,432377.7617857143,2017,3,8,2
1519,2017-03-09,337546.104,432668.13707142853,2017,3,9,3
1520,2017-03-10,427418.559,432050.87392857147,2017,3,10,4
1521,2017-03-11,560114.855,431147.2496428572,2017,3,11,5
1522,2017-03-12,688801.374,416192.8011428571,2017,3,12,6
1523,2017-03-13,405771.2,416026.26914285717,2017,3,13,0
1524,2017-03-14,358424.893,433701.80707142863,2017,3,14,1
1525,2017-03-15,435844.378,443178.20285714284,2017,3,15,2
1526,2017-03-16,360524.078,449642.71807142854,2017,3,16,3
1527,2017-03-17,444982.67,454781.14749999996,2017,3,17,4
1528,2017-03-18,580663.173,457190.33900000004,2017,3,18,5
1529,2017-03-19,698361.909,474205.6877857143,2017,3,19,6
1530,2017-03-20,440732.557,476789.58092857146,2017,3,20,0
1531,2017-03-21,387534.596,478278.4569285714,2017,3,21,1
1532,2017-03-22,414912.056,480061.84557142854,2017,3,22,2
1533,2017-03-23,341132.473,479700.1879285714,2017,3,23,3
1534,2017-03-24,421799.456,480786.0964285714,2017,3,24,4
1535,2017-03-25,577746.261,484614.2410714286,2017,3,25,5
1536,2017-03-26,655279.159,504113.5731428572,2017,3,26,6
1537,2017-03-27,414395.417,502594.93628571427,2017,3,27,0
1538,2017-03-28,343433.162,487194.5332142857,2017,3,28,1
1539,2017-03-29,435010.393,480569.74128571426,2017,3,29,2
1540,2017-03-30,333400.874,475090.40735714283,2017,3,30,3
1541,2017-03-31,479072.391,472146.3976428571,2017,3,31,4
1542,2017-04-01,846761.26,468273.31235714286,2017,4,1,5
1543,2017-04-02,667628.294,466733.8974285714,2017,4,2,6
1544,2017-04-03,425840.816,467577.58928571426,2017,4,3,0
1545,2017-04-04,426987.451,467207.3404285714,2017,4,4,1
1546,2017-04-05,465979.093,467259.4572857143,2017,4,5,2
1547,2017-04-06,359403.881,467515.62649999995,2017,4,6,3
1548,2017-04-07,410164.105,467114.262,2017,4,7,4
1549,2017-04-08,557645.889,468373.64814285707,2017,4,8,5
1550,2017-04-09,661129.279,465979.20421428565,2017,4,9,6
1551,2017-04-10,383562.522,466595.2197142857,2017,4,10,0
1552,2017-04-11,363347.759,465524.38178571436,2017,4,11,1
1553,2017-04-12,390707.844,465464.8114285714,2017,4,12,2
1554,2017-04-13,381376.323,463527.4397142857,2017,4,13,3
1555,2017-04-14,391271.528,465962.4197857143,2017,4,14,4
1556,2017-04-15,489505.707,484969.426,2017,4,15,5
1557,2017-04-16,588035.731,482774.16778571426,2017,4,16,6
1558,2017-04-17,403925.777,481710.472,2017,4,17,0
1559,2017-04-18,365425.629,484528.53307142854,2017,4,18,1
1560,2017-04-19,413136.333,488176.1785714286,2017,4,19,2
1561,2017-04-20,336920.574,489481.2791428571,2017,4,20,3
1562,2017-04-21,418117.831,488650.18264285714,2017,4,21,4
1563,2017-04-22,520669.416,487214.4417857143,2017,4,22,5
1564,2017-04-23,643719.563,487632.30750000005,2017,4,23,6
1565,2017-04-24,376779.856,485429.95785714284,2017,4,24,0
1566,2017-04-25,357462.367,486852.42907142855,2017,4,25,1
1567,2017-04-26,389982.433,483687.96128571435,2017,4,26,2
1568,2017-04-27,305131.82,487114.7790714285,2017,4,27,3
1569,2017-04-28,410782.129,480843.28885714285,2017,4,28,4
1570,2017-04-29,549925.259,455325.0350714285,2017,4,29,5
1571,2017-04-30,553516.588,449639.852,2017,4,30,6
1572,2017-05-01,724922.543,448074.4920714285,2017,5,1,0
1573,2017-05-02,466016.594,443677.2190714286,2017,5,2,1
1574,2017-05-03,480529.778,439902.7362142857,2017,5,3,2
1575,2017-05-04,369266.848,438296.78571428574,2017,5,4,3
1576,2017-05-05,419505.363,438864.909,2017,5,5,4
1577,2017-05-06,559246.443,436223.73235714284,2017,5,6,5
1578,2017-05-07,666372.69,434980.18121428567,2017,5,7,6
1579,2017-05-08,412736.886,434495.7050714285,2017,5,8,0
1580,2017-05-09,359063.249,434075.31992857147,2017,5,9,1
1581,2017-05-10,398554.891,434023.50485714286,2017,5,10,2
1582,2017-05-11,312685.19,428577.4689285714,2017,5,11,3
1583,2017-05-12,396189.733,429971.0832857143,2017,5,12,4
1584,2017-05-13,585819.949,434286.7655714286,2017,5,13,5
1585,2017-05-14,457783.036,431821.1125,2017,5,14,6
1586,2017-05-15,404543.428,454749.45292857144,2017,5,15,0
1587,2017-05-16,410219.221,461934.52185714286,2017,5,16,1
1588,2017-05-17,430186.281,466748.33935714286,2017,5,17,2
1589,2017-05-18,317481.291,469058.7875,2017,5,18,3
1590,2017-05-19,407295.378,469157.89692857146,2017,5,19,4
1591,2017-05-20,544834.319,471913.39885714283,2017,5,20,5
1592,2017-05-21,646224.562,473531.4793571429,2017,5,21,6
1593,2017-05-22,395874.857,476099.83864285715,2017,5,22,0
1594,2017-05-23,355708.91,476214.18735714286,2017,5,23,1
1595,2017-05-24,384084.329,476826.50578571425,2017,5,24,2
1596,2017-05-25,307008.33,477366.03221428575,2017,5,25,3
1597,2017-05-26,508710.799,476323.7182142857,2017,5,26,4
1598,2017-05-27,470003.123,478887.6246428572,2017,5,27,5
1599,2017-05-28,566144.109,472049.5137857143,2017,5,28,6
1600,2017-05-29,383562.236,449165.29128571425,2017,5,29,0
1601,2017-05-30,357776.402,445179.76464285713,2017,5,30,1
1602,2017-05-31,419738.862,441583.80057142855,2017,5,31,2
1603,2017-06-01,402582.657,437884.83221428574,2017,6,1,3
1604,2017-06-02,499819.651,437012.6904285714,2017,6,2,4
1605,2017-06-03,641629.763,435983.253,2017,6,3,5
1606,2017-06-04,769796.887,434544.10099999997,2017,6,4,6
1607,2017-06-05,479630.728,433339.67035714287,2017,6,5,0
1608,2017-06-06,403969.698,433100.0747142857,2017,6,6,1
1609,2017-06-07,450756.703,432066.46314285713,2017,6,7,2
1610,2017-06-08,334530.481,431660.97314285714,2017,6,8,3
1611,2017-06-09,420854.86,439698.1921428572,2017,6,9,4
1612,2017-06-10,537741.395,431425.5617142857,2017,6,10,5
1613,2017-06-11,660609.257,439165.63835714286,2017,6,11,6
1614,2017-06-12,387059.364,437666.9817857143,2017,6,12,0
1615,2017-06-13,369275.244,433921.0661428572,2017,6,13,1
1616,2017-06-14,401436.812,433174.82192857144,2017,6,14,2
1617,2017-06-15,340075.715,439253.4909285714,2017,6,15,3
1618,2017-06-16,450500.045,445862.3675714286,2017,6,16,4
1619,2017-06-17,584338.852,452776.32785714284,2017,6,17,5
1620,2017-06-18,502295.059,461602.9225,2017,6,18,6
1621,2017-06-19,409387.524,467585.48471428576,2017,6,19,0
1622,2017-06-20,402469.405,471032.68385714287,2017,6,20,1
1623,2017-06-21,401057.407,475794.9962857143,2017,6,21,2
1624,2017-06-22,310034.204,477760.86421428574,2017,6,22,3
1625,2017-06-23,402967.311,471485.44,2017,6,23,4
1626,2017-06-24,511104.432,476323.888,2017,6,24,5
1627,2017-06-25,595126.873,483071.39857142855,2017,6,25,6
1628,2017-06-26,373753.862,483321.19342857145,2017,6,26,0
1629,2017-06-27,331420.49,484142.5392857143,2017,6,27,1
1630,2017-06-28,377250.373,482835.25,2017,6,28,2
1631,2017-06-29,308123.243,478370.4684285714,2017,6,29,3
1632,2017-06-30,423757.352,474847.6394285714,2017,6,30,4
1633,2017-07-01,641649.818,470755.43149999995,2017,7,1,5
1634,2017-07-02,705943.005,451648.1580714286,2017,7,2,6
1635,2017-07-03,484996.627,446630.7863571429,2017,7,3,0
1636,2017-07-04,421630.561,446523.6225714286,2017,7,4,1
1637,2017-07-05,450327.833,442973.67285714287,2017,7,5,2
1638,2017-07-06,352576.66,441223.9387857143,2017,7,6,3
1639,2017-07-07,421154.493,439946.2567142857,2017,7,7,4
1640,2017-07-08,521784.42,438043.6165,2017,7,8,5
1641,2017-07-09,581352.093,433366.30335714284,2017,7,9,6
1642,2017-07-10,400255.24,432415.91035714286,2017,7,10,0
1643,2017-07-11,351584.758,429711.9993571429,2017,7,11,1
1644,2017-07-12,380746.45,427984.3965714286,2017,7,12,2
1645,2017-07-13,315660.183,425702.07714285713,2017,7,13,3
1646,2017-07-14,390896.066,423791.88478571427,2017,7,14,4
1647,2017-07-15,495107.355,427885.5252142857,2017,7,15,5
1648,2017-07-16,574725.921,442431.8070714286,2017,7,16,6
1649,2017-07-17,412239.557,447832.4572857143,2017,7,17,0
1650,2017-07-18,358715.513,449201.1112857143,2017,7,18,1
1651,2017-07-19,396156.701,452720.42742857145,2017,7,19,2
1652,2017-07-20,346297.706,455759.1742857142,2017,7,20,3
1653,2017-07-21,408199.921,457058.25871428574,2017,7,21,4
1654,2017-07-22,482838.968,457821.11500000005,2017,7,22,5
1655,2017-07-23,552268.1,456837.2021428571,2017,7,23,6
1656,2017-07-24,398815.544,458730.1577142857,2017,7,24,0
1657,2017-07-25,343215.473,460170.46257142856,2017,7,25,1
1658,2017-07-26,371557.164,460420.1823571428,2017,7,26,2
1659,2017-07-27,314677.339,460958.5352142857,2017,7,27,3
1660,2017-07-28,421051.921,458611.3005,2017,7,28,4
1661,2017-07-29,516314.224,448143.98171428574,2017,7,29,5
1662,2017-07-30,580407.245,438771.33285714284,2017,7,30,6
1663,2017-07-31,440220.296,433574.39928571426,2017,7,31,0
1664,2017-08-01,478229.339,429080.4672857143,2017,8,1,1
1665,2017-08-02,482223.387,425211.1007142857,2017,8,2,2
1666,2017-08-03,365336.555,424762.604,2017,8,3,3
1667,2017-08-04,425713.169,423837.2774285714,2017,8,4,4
1668,2017-08-05,500614.561,421055.45942857146,2017,8,5,5
1669,2017-08-06,547592.13,418978.0313571429,2017,8,6,6
1670,2017-08-07,396073.436,418875.1959285714,2017,8,7,0
1671,2017-08-08,347288.263,418277.3898571428,2017,8,8,1
1672,2017-08-09,367813.888,417621.0122857142,2017,8,9,2
1673,2017-08-10,315940.305,417550.80914285715,2017,8,10,3
1674,2017-08-11,406504.392,419704.79878571426,2017,8,11,4
1675,2017-08-12,389945.577,421219.57514285715,2017,8,12,5
1676,2017-08-13,438714.53,421625.384,2017,8,13,6
1677,2017-08-14,377126.441,423624.0082142857,2017,8,14,0
1678,2017-08-15,363382.598,432160.71007142856,2017,8,15,1
